sweep,n_makers,adverse_frac,adverse_cost,elasticity,epsilon_decay,alpha,maker_rebate,taker_fee,tie_rule,tick_size,memory,priority_share,allocation_noise,maker_rebates,maker_costs,latency_cost,seed,periods,collusion_index,mean_spread,avg_profit,nash_spread,monopoly_spread,punishment_magnitude,fee_condition,net_fee,heterogeneity
allocation_rule,2,0.5,0.2,1.0,2e-05,0.125,0.0,0.0,split,,1,0.7,12.0,,,0.0,2,50000,0.3671062261961214,0.676277,0.08668135480685459,0.2,1.0,-0.4999999999999999,,,
allocation_rule,2,0.5,0.2,1.0,2e-05,0.125,0.0,0.0,split,,1,0.7,12.0,,,0.0,0,50000,0.37238653166138475,0.6749539999999999,0.08733932950405077,0.2,1.0,0.5,,,
allocation_rule,2,0.5,0.2,1.0,2e-05,0.125,0.0,0.0,split,,1,0.7,12.0,,,0.0,1,50000,0.3808967229320374,0.6794910000000001,0.08839977772266722,0.2,1.0,-0.8823529411764705,,,
allocation_rule,2,0.5,0.2,1.0,2e-05,0.125,0.0,0.0,split,,1,0.7,12.0,,,0.0,3,50000,0.33721321278863653,0.652598,0.08295640999552442,0.2,1.0,-0.7142857142857143,,,
allocation_rule,2,0.5,0.2,1.0,2e-05,0.125,0.0,0.0,split,,1,0.7,12.0,,,0.0,4,50000,0.37261344280626674,0.6742619999999999,0.08736760472275286,0.2,1.0,0.14285714285714282,,,
allocation_rule,2,0.5,0.2,1.0,2e-05,0.125,0.0,0.0,random_priority,,1,0.7,12.0,,,0.0,0,50000,0.38770649428888904,0.683082,0.08924833795767176,0.2,1.0,0.0,,,
allocation_rule,2,0.5,0.2,1.0,2e-05,0.125,0.0,0.0,random_priority,,1,0.7,12.0,,,0.0,1,50000,0.38555099907425633,0.6841189999999999,0.08897974339993531,0.2,1.0,-0.3333333333333334,,,
allocation_rule,2,0.5,0.2,1.0,2e-05,0.125,0.0,0.0,random_priority,,1,0.7,12.0,,,0.0,2,50000,0.3895378442299364,0.6874560000000001,0.08947654102865844,0.2,1.0,-0.8823529411764708,,,
allocation_rule,2,0.5,0.2,1.0,2e-05,0.125,0.0,0.0,random_priority,,1,0.7,12.0,,,0.0,3,50000,0.3575275861186003,0.671277,0.0854877680255558,0.2,1.0,0.4,,,
allocation_rule,2,0.5,0.2,1.0,2e-05,0.125,0.0,0.0,random_priority,,1,0.7,12.0,,,0.0,4,50000,0.39094025503224855,0.6811010000000002,0.08965129433205468,0.2,1.0,0.15789473684210528,,,
allocation_rule,2,0.5,0.2,1.0,2e-05,0.125,0.0,0.0,pro_rata_noise,,1,0.7,12.0,,,0.0,0,50000,0.3796498303474018,0.6812609999999998,0.08824440342165206,0.2,1.0,-0.3333333333333335,,,
allocation_rule,2,0.5,0.2,1.0,2e-05,0.125,0.0,0.0,pro_rata_noise,,1,0.7,12.0,,,0.0,1,50000,0.3922940345648117,0.6933129999999998,0.08981998773130373,0.2,1.0,-1.6666666666666667,,,
allocation_rule,2,0.5,0.2,1.0,2e-05,0.125,0.0,0.0,pro_rata_noise,,1,0.7,12.0,,,0.0,2,50000,0.3756357182883187,0.6749700000000002,0.08774420808561292,0.2,1.0,-0.3333333333333335,,,
allocation_rule,2,0.5,0.2,1.0,2e-05,0.125,0.0,0.0,pro_rata_noise,,1,0.7,12.0,,,0.0,3,50000,0.3839289435045426,0.6795810000000001,0.08877762033540072,0.2,1.0,-0.33333333333333326,,,
allocation_rule,2,0.5,0.2,1.0,2e-05,0.125,0.0,0.0,queue_priority,,1,0.7,12.0,,,0.0,0,50000,0.36716305853680403,0.67363,0.08668843663997913,0.2,1.0,-0.3333333333333335,,,
allocation_rule,2,0.5,0.2,1.0,2e-05,0.125,0.0,0.0,pro_rata_noise,,1,0.7,12.0,,,0.0,4,50000,0.36201557866264317,0.663813,0.08604701323487401,0.2,1.0,0.33333333333333326,,,
allocation_rule,2,0.5,0.2,1.0,2e-05,0.125,0.0,0.0,queue_priority,,1,0.7,12.0,,,0.0,2,50000,0.3861920578531817,0.683785,0.08905962522850057,0.2,1.0,-0.846153846153846,,,
allocation_rule,2,0.5,0.2,1.0,2e-05,0.125,0.0,0.0,queue_priority,,1,0.7,12.0,,,0.0,1,50000,0.3647238749911995,0.6720470000000001,0.08638449190318634,0.2,1.0,-0.4999999999999999,,,
allocation_rule,2,0.5,0.2,1.0,2e-05,0.125,0.0,0.0,queue_priority,,1,0.7,12.0,,,0.0,3,50000,0.330760271128371,0.6519930000000002,0.0821523140274276,0.2,1.0,-0.7142857142857141,,,
allocation_rule,2,0.5,0.2,1.0,2e-05,0.125,0.0,0.0,queue_priority,,1,0.7,12.0,,,0.0,4,50000,0.37249205315826645,0.6742679999999999,0.08735247845450736,0.2,1.0,-0.06666666666666672,,,
allocation_rule,2,0.5,0.2,1.0,2e-05,0.125,0.0,0.0,winner_take_all,,1,0.7,12.0,,,0.0,0,50000,0.3701002826098533,0.6775490000000001,0.08705444181387971,0.2,1.0,0.05882352941176463,,,
allocation_rule,2,0.5,0.2,1.0,2e-05,0.125,0.0,0.0,winner_take_all,,1,0.7,12.0,,,0.0,1,50000,0.3884553363988887,0.6908789999999999,0.08934165058206747,0.2,1.0,-1.0,,,
allocation_rule,2,0.5,0.2,1.0,2e-05,0.125,0.0,0.0,winner_take_all,,1,0.7,12.0,,,0.0,2,50000,0.37749703289507863,0.6827129999999999,0.08797614502994813,0.2,1.0,0.0,,,
allocation_rule,2,0.5,0.2,1.0,2e-05,0.125,0.0,0.0,winner_take_all,,1,0.7,12.0,,,0.0,3,50000,0.3667284906729709,0.6778659999999999,0.08663428548139601,0.2,1.0,-0.3333333333333335,,,
allocation_rule,2,0.5,0.2,1.0,2e-05,0.125,0.0,0.0,winner_take_all,,1,0.7,12.0,,,0.0,4,50000,0.35628356376478404,0.6642960000000001,0.08533275138173807,0.2,1.0,0.6666666666666667,,,
fee_split,2,0.5,0.2,1.0,2e-05,0.125,0.0,0.0,split,,1,0.7,12.0,,,0.0,0,50000,0.37238653166138475,0.6749539999999999,0.08733932950405077,0.2,1.0,0.5,baseline,0.0,
fee_split,2,0.5,0.2,1.0,2e-05,0.125,0.0,0.0,split,,1,0.7,12.0,,,0.0,1,50000,0.3808967229320374,0.6794910000000001,0.08839977772266722,0.2,1.0,-0.8823529411764705,baseline,0.0,
fee_split,2,0.5,0.2,1.0,2e-05,0.125,0.0,0.0,split,,1,0.7,12.0,,,0.0,2,50000,0.3671062261961214,0.676277,0.08668135480685459,0.2,1.0,-0.4999999999999999,baseline,0.0,
fee_split,2,0.5,0.2,1.0,2e-05,0.125,0.0,0.0,split,,1,0.7,12.0,,,0.0,3,50000,0.33721321278863653,0.652598,0.08295640999552442,0.2,1.0,-0.7142857142857143,baseline,0.0,
fee_split,2,0.5,0.2,1.0,2e-05,0.125,0.0,0.0,split,,1,0.7,12.0,,,0.0,4,50000,0.37261344280626674,0.6742619999999999,0.08736760472275286,0.2,1.0,0.14285714285714282,baseline,0.0,
fee_split,2,0.5,0.2,1.0,2e-05,0.125,0.2,0.0,split,,1,0.7,12.0,,,0.0,0,50000,0.4417008153751794,0.598112,0.1398879562896057,0.1,1.0,0.11111111111111098,maker_rebate_only,-0.2,
fee_split,2,0.5,0.2,1.0,2e-05,0.125,0.2,0.0,split,,1,0.7,12.0,,,0.0,1,50000,0.41939609026985086,0.595808,0.13739317388305944,0.1,1.0,-0.3333333333333332,maker_rebate_only,-0.2,
fee_split,2,0.5,0.2,1.0,2e-05,0.125,0.2,0.0,split,,1,0.7,12.0,,,0.0,2,50000,0.43743342968589916,0.6049389999999999,0.13941064941004142,0.1,1.0,0.4285714285714285,maker_rebate_only,-0.2,
fee_split,2,0.5,0.2,1.0,2e-05,0.125,0.2,0.0,split,,1,0.7,12.0,,,0.0,3,50000,0.40784715492208606,0.587943,0.13610142603214956,0.1,1.0,0.0,maker_rebate_only,-0.2,
fee_split,2,0.5,0.2,1.0,2e-05,0.125,0.2,0.0,split,,1,0.7,12.0,,,0.0,4,50000,0.48207846505176666,0.6132420000000001,0.1444041944209949,0.1,1.0,-0.6000000000000001,maker_rebate_only,-0.2,
fee_split,2,0.5,0.2,1.0,2e-05,0.125,0.0,0.2,split,,1,0.7,12.0,,,0.0,0,50000,0.37238653166138475,0.6749539999999999,0.07150739501817749,0.2,1.0,0.5,taker_fee_only,0.2,
fee_split,2,0.5,0.2,1.0,2e-05,0.125,0.0,0.2,split,,1,0.7,12.0,,,0.0,1,50000,0.38089247506229296,0.679488,0.07237518321321668,0.2,1.0,-0.8823529411764705,taker_fee_only,0.2,
fee_split,2,0.5,0.2,1.0,2e-05,0.125,0.0,0.2,split,,1,0.7,12.0,,,0.0,2,50000,0.35692005716736536,0.666761,0.06992948374459064,0.2,1.0,-0.3333333333333335,taker_fee_only,0.2,
fee_split,2,0.5,0.2,1.0,2e-05,0.125,0.0,0.2,split,,1,0.7,12.0,,,0.0,3,50000,0.3372223159889762,0.652606,0.06791989274946147,0.2,1.0,-0.7142857142857143,taker_fee_only,0.2,
fee_split,2,0.5,0.2,1.0,2e-05,0.125,0.0,0.2,split,,1,0.7,12.0,,,0.0,4,50000,0.3726421289221707,0.672636,0.07153347140678486,0.2,1.0,-0.3333333333333334,taker_fee_only,0.2,
fee_split,2,0.5,0.2,1.0,2e-05,0.125,0.2,0.2,split,,1,0.7,12.0,,,0.0,0,50000,0.44170081537517913,0.598112,0.11453057179952868,0.1,1.0,0.11111111111111098,symmetric_fee_rebate,0.0,
fee_split,2,0.5,0.2,1.0,2e-05,0.125,0.2,0.2,split,,1,0.7,12.0,,,0.0,1,50000,0.4279025502093384,0.592383,0.1132669957430844,0.1,1.0,0.0,symmetric_fee_rebate,0.0,
fee_split,2,0.5,0.2,1.0,2e-05,0.125,0.2,0.2,split,,1,0.7,12.0,,,0.0,2,50000,0.4307408444458645,0.598643,0.11352691252213694,0.1,1.0,0.33333333333333337,symmetric_fee_rebate,0.0,
fee_split,2,0.5,0.2,1.0,2e-05,0.125,0.2,0.2,split,,1,0.7,12.0,,,0.0,3,50000,0.4078471549220858,0.587943,0.11143042303028904,0.1,1.0,0.0,symmetric_fee_rebate,0.0,
fee_split,2,0.5,0.2,1.0,2e-05,0.125,0.2,0.2,split,,1,0.7,12.0,,,0.0,4,50000,0.4883749399406855,0.615786,0.11880475449913895,0.1,1.0,-0.4999999999999999,symmetric_fee_rebate,0.0,
fee_split,2,0.5,0.2,1.0,2e-05,0.125,0.0,0.1,split,,1,0.7,12.0,,,0.0,0,50000,0.3723865316613849,0.6749539999999999,0.0790278934014372,0.2,1.0,0.5,net_fee_10_taker10_rebate00,0.1,
fee_split,2,0.5,0.2,1.0,2e-05,0.125,0.0,0.1,split,,1,0.7,12.0,,,0.0,1,50000,0.38089247506229323,0.679488,0.07998694767764389,0.2,1.0,-0.8823529411764705,net_fee_10_taker10_rebate00,0.1,
fee_split,2,0.5,0.2,1.0,2e-05,0.125,0.0,0.1,split,,1,0.7,12.0,,,0.0,2,50000,0.35692005716736547,0.6667569999999999,0.07728403175056531,0.2,1.0,-0.3333333333333335,net_fee_10_taker10_rebate00,0.1,
fee_split,2,0.5,0.2,1.0,2e-05,0.125,0.0,0.1,split,,1,0.7,12.0,,,0.0,3,50000,0.3372223159889762,0.652606,0.07506309022552185,0.2,1.0,-0.7142857142857143,net_fee_10_taker10_rebate00,0.1,
fee_split,2,0.5,0.2,1.0,2e-05,0.125,0.0,0.1,split,,1,0.7,12.0,,,0.0,4,50000,0.37261344280626696,0.674265,0.07905347787732202,0.2,1.0,0.14285714285714282,net_fee_10_taker10_rebate00,0.1,
fee_split,2,0.5,0.2,1.0,2e-05,0.125,0.1,0.2,split,,1,0.7,12.0,,,0.0,0,50000,0.46727212836317034,0.6214029999999999,0.09010255592411896,0.1,1.0,-0.3333333333333335,net_fee_10_taker20_rebate10,0.1,
fee_split,2,0.5,0.2,1.0,2e-05,0.125,0.1,0.2,split,,1,0.7,12.0,,,0.0,1,50000,0.478614917618919,0.635389,0.0913905999118041,0.1,1.0,0.27272727272727276,net_fee_10_taker20_rebate10,0.1,
fee_split,2,0.5,0.2,1.0,2e-05,0.125,0.1,0.2,split,,1,0.7,12.0,,,0.0,2,50000,0.5025999620920399,0.64395,0.09411425029720702,0.1,1.0,-0.09090909090909079,net_fee_10_taker20_rebate10,0.1,
fee_split,2,0.5,0.2,1.0,2e-05,0.125,0.1,0.2,split,,1,0.7,12.0,,,0.0,3,50000,0.4775939288498479,0.6285019999999999,0.09127466031213027,0.1,1.0,-0.09090909090909079,net_fee_10_taker20_rebate10,0.1,
fee_split,2,0.5,0.2,1.0,2e-05,0.125,0.1,0.2,split,,1,0.7,12.0,,,0.0,4,50000,0.480665653530549,0.6316839999999999,0.09162347367871873,0.1,1.0,-0.09090909090909079,net_fee_10_taker20_rebate10,0.1,
fee_split,2,0.5,0.2,1.0,2e-05,0.125,0.2,0.3,split,,1,0.7,12.0,,,0.0,0,50000,0.4417008153751792,0.598112,0.1036315468732676,0.1,1.0,0.11111111111111098,net_fee_10_taker30_rebate20,0.09999999999999998,
fee_split,2,0.5,0.2,1.0,2e-05,0.125,0.2,0.3,split,,1,0.7,12.0,,,0.0,1,50000,0.4279025502093389,0.592383,0.10248821597686254,0.1,1.0,0.0,net_fee_10_taker30_rebate20,0.09999999999999998,
fee_split,2,0.5,0.2,1.0,2e-05,0.125,0.2,0.3,split,,1,0.7,12.0,,,0.0,2,50000,0.43074084444586463,0.598643,0.10272339840412463,0.1,1.0,0.33333333333333337,net_fee_10_taker30_rebate20,0.09999999999999998,
fee_split,2,0.5,0.2,1.0,2e-05,0.125,0.2,0.3,split,,1,0.7,12.0,,,0.0,3,50000,0.40784715492208623,0.587943,0.10082641626538148,0.1,1.0,0.0,net_fee_10_taker30_rebate20,0.09999999999999998,
fee_split,2,0.5,0.2,1.0,2e-05,0.125,0.2,0.3,split,,1,0.7,12.0,,,0.0,4,50000,0.4883749399406858,0.615786,0.10749898731139695,0.1,1.0,-0.4999999999999999,net_fee_10_taker30_rebate20,0.09999999999999998,
heterogeneous_makers,2,0.5,0.2,1.0,2e-05,0.125,0.0,0.0,split,,1,0.7,12.0,,,0.0,0,50000,0.37238653166138475,0.6749539999999999,0.08733932950405077,0.2,1.0,0.5,,,symmetric
heterogeneous_makers,2,0.5,0.2,1.0,2e-05,0.125,0.0,0.0,split,,1,0.7,12.0,,,0.0,1,50000,0.3808967229320374,0.6794910000000001,0.08839977772266722,0.2,1.0,-0.8823529411764705,,,symmetric
heterogeneous_makers,2,0.5,0.2,1.0,2e-05,0.125,0.0,0.0,split,,1,0.7,12.0,,,0.0,2,50000,0.3671062261961214,0.676277,0.08668135480685459,0.2,1.0,-0.4999999999999999,,,symmetric
heterogeneous_makers,2,0.5,0.2,1.0,2e-05,0.125,0.0,0.0,split,,1,0.7,12.0,,,0.0,3,50000,0.33721321278863653,0.652598,0.08295640999552442,0.2,1.0,-0.7142857142857143,,,symmetric
heterogeneous_makers,2,0.5,0.2,1.0,2e-05,0.125,0.0,0.0,split,,1,0.7,12.0,,,0.0,4,50000,0.37261344280626674,0.6742619999999999,0.08736760472275286,0.2,1.0,0.14285714285714282,,,symmetric
heterogeneous_makers,2,0.5,0.2,1.0,2e-05,0.125,0.0,0.0,split,,1,0.7,12.0,,"(0.0, 0.05)",0.0,0,50000,0.3892277017201009,0.6833060000000001,0.08139730775116075,0.2,1.0,0.3846153846153846,,,asymmetric_cost_05
heterogeneous_makers,2,0.5,0.2,1.0,2e-05,0.125,0.0,0.0,split,,1,0.7,12.0,,"(0.0, 0.05)",0.0,2,50000,0.4008256498445491,0.6907919999999999,0.08290788079128877,0.2,1.0,-0.6000000000000001,,,asymmetric_cost_05
heterogeneous_makers,2,0.5,0.2,1.0,2e-05,0.125,0.0,0.0,split,,1,0.7,12.0,,"(0.0, 0.05)",0.0,1,50000,0.40125188929398475,0.6966020000000002,0.08296339628541305,0.2,1.0,-1.2857142857142856,,,asymmetric_cost_05
heterogeneous_makers,2,0.5,0.2,1.0,2e-05,0.125,0.0,0.0,split,,1,0.7,12.0,,"(0.0, 0.05)",0.0,3,50000,0.3689038368894616,0.6728090000000001,0.07875022897869638,0.2,1.0,0.33333333333333326,,,asymmetric_cost_05
heterogeneous_makers,2,0.5,0.2,1.0,2e-05,0.125,0.0,0.0,split,,1,0.7,12.0,,"(0.0, 0.05)",0.0,4,50000,0.3880958978555852,0.679975,0.08124989612402593,0.2,1.0,-1.0,,,asymmetric_cost_05
heterogeneous_makers,2,0.5,0.2,1.0,2e-05,0.125,0.0,0.0,split,,1,0.7,12.0,,"(0.0, 0.1)",0.0,0,50000,0.393392697163896,0.687599,0.0739226627241119,0.2,1.0,-0.14285714285714277,,,asymmetric_cost_10
heterogeneous_makers,2,0.5,0.2,1.0,2e-05,0.125,0.0,0.0,split,,1,0.7,12.0,,"(0.0, 0.1)",0.0,1,50000,0.423447462333107,0.7121890000000001,0.07800651905246765,0.2,1.0,-0.19999999999999996,,,asymmetric_cost_10
heterogeneous_makers,2,0.5,0.2,1.0,2e-05,0.125,0.0,0.0,split,,1,0.7,12.0,,"(0.0, 0.1)",0.0,2,50000,0.4054420251002763,0.6945760000000001,0.07555993135250998,0.2,1.0,0.5555555555555556,,,asymmetric_cost_10
heterogeneous_makers,2,0.5,0.2,1.0,2e-05,0.125,0.0,0.0,split,,1,0.7,12.0,,"(0.0, 0.1)",0.0,3,50000,0.39619355456911315,0.68903,0.07430324461103463,0.2,1.0,-0.4999999999999999,,,asymmetric_cost_10
heterogeneous_makers,2,0.5,0.2,1.0,2e-05,0.125,0.0,0.0,split,,1,0.7,12.0,,"(0.0, 0.1)",0.0,4,50000,0.4067826723347328,0.693101,0.07574209916056647,0.2,1.0,-0.6666666666666667,,,asymmetric_cost_10
heterogeneous_makers,2,0.5,0.2,1.0,2e-05,0.125,0.0,0.0,split,,1,0.7,12.0,"(0.1, 0.0)",,0.0,0,50000,0.5055904432409674,0.650587,0.0995322632872804,0.1,1.0,0.0,,,asymmetric_rebate_10
heterogeneous_makers,2,0.5,0.2,1.0,2e-05,0.125,0.0,0.0,split,,1,0.7,12.0,"(0.1, 0.0)",,0.0,1,50000,0.5286111605058207,0.6670279999999998,0.10303421621430976,0.1,1.0,-0.4999999999999999,,,asymmetric_rebate_10
heterogeneous_makers,2,0.5,0.2,1.0,2e-05,0.125,0.0,0.0,split,,1,0.7,12.0,"(0.1, 0.0)",,0.0,2,50000,0.5232472197370668,0.6602239999999999,0.1022182438942714,0.1,1.0,-0.19999999999999996,,,asymmetric_rebate_10
heterogeneous_makers,2,0.5,0.2,1.0,2e-05,0.125,0.0,0.0,split,,1,0.7,12.0,"(0.1, 0.0)",,0.0,3,50000,0.4942858080263835,0.641064,0.09781258184020611,0.1,1.0,-0.3333333333333332,,,asymmetric_rebate_10
heterogeneous_makers,2,0.5,0.2,1.0,2e-05,0.125,0.0,0.0,split,,1,0.7,12.0,"(0.1, 0.0)",,0.0,4,50000,0.5239039496589486,0.66021,0.1023181468315145,0.1,1.0,-0.7777777777777778,,,asymmetric_rebate_10
heterogeneous_makers,2,0.5,0.2,1.0,2e-05,0.125,0.0,0.0,split,,1,0.7,12.0,"(0.1, 0.0)","(0.0, 0.05)",0.0,0,50000,0.517743738099203,0.651981,0.09354565951752603,0.1,1.0,0.27272727272727276,,,asymmetric_rebate_and_cost
heterogeneous_makers,2,0.5,0.2,1.0,2e-05,0.125,0.0,0.0,split,,1,0.7,12.0,"(0.1, 0.0)","(0.0, 0.05)",0.0,1,50000,0.5308273646516972,0.671532,0.09562378129806239,0.1,1.0,-1.0,,,asymmetric_rebate_and_cost
heterogeneous_makers,2,0.5,0.2,1.0,2e-05,0.125,0.0,0.0,split,,1,0.7,12.0,"(0.1, 0.0)","(0.0, 0.05)",0.0,2,50000,0.5378392580931068,0.6706669999999998,0.09673750679495953,0.1,1.0,-0.3333333333333335,,,asymmetric_rebate_and_cost
heterogeneous_makers,2,0.5,0.2,1.0,2e-05,0.125,0.0,0.0,split,,1,0.7,12.0,"(0.1, 0.0)","(0.0, 0.05)",0.0,3,50000,0.5201411992177972,0.6558059999999999,0.09392645731457029,0.1,1.0,-0.7142857142857143,,,asymmetric_rebate_and_cost
heterogeneous_makers,2,0.5,0.2,1.0,2e-05,0.125,0.0,0.0,split,,1,0.7,12.0,"(0.1, 0.0)","(0.0, 0.05)",0.0,4,50000,0.540144033536612,0.6701710000000002,0.09710358297645069,0.1,1.0,0.14285714285714296,,,asymmetric_rebate_and_cost
latency,2,0.5,0.2,1.0,2e-05,0.125,0.0,0.0,split,,1,0.7,12.0,,,0.0,0,50000,0.37238653166138475,0.6749539999999999,0.08733932950405077,0.2,1.0,0.5,,,
latency,2,0.5,0.2,1.0,2e-05,0.125,0.0,0.0,split,,1,0.7,12.0,,,0.0,1,50000,0.3808967229320374,0.6794910000000001,0.08839977772266722,0.2,1.0,-0.8823529411764705,,,
latency,2,0.5,0.2,1.0,2e-05,0.125,0.0,0.0,split,,1,0.7,12.0,,,0.0,2,50000,0.3671062261961214,0.676277,0.08668135480685459,0.2,1.0,-0.4999999999999999,,,
latency,2,0.5,0.2,1.0,2e-05,0.125,0.0,0.0,split,,1,0.7,12.0,,,0.0,3,50000,0.33721321278863653,0.652598,0.08295640999552442,0.2,1.0,-0.7142857142857143,,,
latency,2,0.5,0.2,1.0,2e-05,0.125,0.0,0.0,split,,1,0.7,12.0,,,0.0,4,50000,0.37261344280626674,0.6742619999999999,0.08736760472275286,0.2,1.0,0.14285714285714282,,,
latency,2,0.5,0.2,1.0,2e-05,0.125,0.0,0.0,split,,1,0.7,12.0,,,0.01,0,50000,0.32672935415554855,0.672718,0.08165002464434862,0.2,1.0,-0.3333333333333335,,,
latency,2,0.5,0.2,1.0,2e-05,0.125,0.0,0.0,split,,1,0.7,12.0,,,0.01,1,50000,0.36359399721960617,0.692486,0.08624369872568487,0.2,1.0,-0.846153846153846,,,
latency,2,0.5,0.2,1.0,2e-05,0.125,0.0,0.0,split,,1,0.7,12.0,,,0.01,2,50000,0.33465755066402836,0.676975,0.08263795095491834,0.2,1.0,-0.142857142857143,,,
latency,2,0.5,0.2,1.0,2e-05,0.125,0.0,0.0,split,,1,0.7,12.0,,,0.01,3,50000,0.31096454868932516,0.6607100000000001,0.07968558467563222,0.2,1.0,0.25000000000000006,,,
latency,2,0.5,0.2,1.0,2e-05,0.125,0.0,0.0,split,,1,0.7,12.0,,,0.01,4,50000,0.3241464152046264,0.665246,0.08132816665994043,0.2,1.0,0.0,,,
latency,2,0.5,0.2,1.0,2e-05,0.125,0.0,0.0,split,,1,0.7,12.0,,,0.03,0,50000,0.2614425770736305,0.67892,0.07351469087171303,0.2,1.0,0.0,,,
latency,2,0.5,0.2,1.0,2e-05,0.125,0.0,0.0,split,,1,0.7,12.0,,,0.03,1,50000,0.27409833328632344,0.686209,0.07509171466638093,0.2,1.0,-0.09090909090909079,,,
latency,2,0.5,0.2,1.0,2e-05,0.125,0.0,0.0,split,,1,0.7,12.0,,,0.03,2,50000,0.23200548237827454,0.6632540000000001,0.06984655773132359,0.2,1.0,0.0,,,
latency,2,0.5,0.2,1.0,2e-05,0.125,0.0,0.0,split,,1,0.7,12.0,,,0.03,3,50000,0.22888931673647142,0.6557310000000001,0.06945825478974817,0.2,1.0,-1.0,,,
latency,2,0.5,0.2,1.0,2e-05,0.125,0.0,0.0,split,,1,0.7,12.0,,,0.03,4,50000,0.2524398776958327,0.668678,0.07239287160651654,0.2,1.0,1.850371707708594e-16,,,
latency,2,0.5,0.2,1.0,2e-05,0.125,0.0,0.0,split,,1,0.7,12.0,,,0.05,0,50000,0.1710297170950918,0.6736890000000001,0.062248415736993676,0.2,1.0,0.4,,,
latency,2,0.5,0.2,1.0,2e-05,0.125,0.0,0.0,split,,1,0.7,12.0,,,0.05,1,50000,0.20988945855300944,0.7037839999999997,0.06709069745480331,0.2,1.0,0.15789473684210517,,,
latency,2,0.5,0.2,1.0,2e-05,0.125,0.0,0.0,split,,1,0.7,12.0,,,0.05,2,50000,0.1600922443528644,0.662393,0.06088550588963704,0.2,1.0,0.058823529411764504,,,
latency,2,0.5,0.2,1.0,2e-05,0.125,0.0,0.0,split,,1,0.7,12.0,,,0.05,3,50000,0.15862229466385283,0.660719,0.060702336618865926,0.2,1.0,0.19999999999999996,,,
latency,2,0.5,0.2,1.0,2e-05,0.125,0.0,0.0,split,,1,0.7,12.0,,,0.05,4,50000,0.1679018664223525,0.66578,0.06185865673293427,0.2,1.0,-0.3333333333333334,,,
latency,2,0.5,0.2,1.0,2e-05,0.125,0.0,0.0,split,,1,0.7,12.0,,,0.1,0,50000,-0.032196740389425396,0.6609290000000001,0.0369245272412819,0.2,1.0,-0.3333333333333335,,,
latency,2,0.5,0.2,1.0,2e-05,0.125,0.0,0.0,split,,1,0.7,12.0,,,0.1,1,50000,0.008010112584277695,0.6971890000000001,0.04193467146203183,0.2,1.0,-1.1818181818181817,,,
latency,2,0.5,0.2,1.0,2e-05,0.125,0.0,0.0,split,,1,0.7,12.0,,,0.1,2,50000,-0.03481969588892996,0.6580159999999999,0.03659768282633299,0.2,1.0,-0.3333333333333332,,,
latency,2,0.5,0.2,1.0,2e-05,0.125,0.0,0.0,split,,1,0.7,12.0,,,0.1,3,50000,-0.03521334021083178,0.659075,0.03654863111801607,0.2,1.0,-0.3333333333333335,,,
latency,2,0.5,0.2,1.0,2e-05,0.125,0.0,0.0,split,,1,0.7,12.0,,,0.1,4,50000,-0.010281201462982897,0.670442,0.039655405252767895,0.2,1.0,0.5,,,
