sweep,maker_rebate,tie_rule,tick_size,seed,collusion_index,mean_spread,avg_profit,nash_spread,monopoly_spread
baseline,0.0,split,,6,0.7588178823443988,0.5999974999999997,0.12231156564768311,0.2,1.0
baseline,0.0,split,,8,0.9257062233017667,0.7999906250000004,0.14750516453740245,0.2,1.0
rebate,0.1,split,,17,0.8448859430180903,0.5999849999999998,0.15038296217172106,0.1,1.0
baseline,0.0,split,,13,0.925154360609395,0.7990587500000004,0.14742185489914938,0.2,1.0
rebate,0.4,split,,13,1.0043195690605464,0.7997775000000004,0.23742819300358486,0.1,0.8
tick_size,0.0,split,0.5,10,0.5149168019795972,0.8499999999999999,0.14208150942250142,0.6,1.1
tick_size,0.0,split,0.5,1,1.0003179849616501,1.0985562500000001,0.1608400442551779,0.6,1.1
baseline,0.0,split,,2,0.7605233538845254,0.6000018749999998,0.12256902501035218,0.2,1.0
rebate,0.05,split,,3,0.9353831944393437,0.7999750000000003,0.1588913082429581,0.2,1.0
tick_size,0.0,split,0.5,6,0.515299191042506,0.8500062499999999,0.14209628701021174,0.6,1.1
tick_size,0.0,split,0.3,10,0.8608275187052906,0.8500074999999999,0.14838709137033507,0.4,1.3
tick_size,0.0,split,0.5,3,0.5041702842889411,0.8499999999999999,0.14166620568304267,0.6,1.1
tick_size,0.0,split,0.15,4,0.7906981587845685,1.0562284374999997,0.13335860924099188,0.25,1.15
tick_size,0.0,split,0.4,8,0.5061688882727364,0.8999925000000001,0.13171447184771728,0.5,1.3
baseline,0.0,split,,12,0.924887714025688,0.7999831250000004,0.14738160171527392,0.2,1.0
tick_size,0.0,split,0.4,11,0.9130687893456093,0.8999775,0.15479758608822905,0.5,1.3
tick_size,0.0,split,0.4,12,1.0011737707936554,1.3000000000000005,0.15979571301468212,0.5,1.3
tick_size,0.0,split,0.4,15,1.001348445859076,1.2999500000000006,0.15980562219499758,0.5,1.3
tick_size,0.0,split,0.3,13,0.9907055329401773,0.9999775,0.15897166175383243,0.4,1.3
rebate,0.3,split,,15,0.7076823172742993,0.4000000000000002,0.17967669276312428,0.1,0.8
tick_size,0.0,split,0.15,16,0.6554805796776229,0.9250028125000003,0.1154039085331367,0.25,1.15
rebate,0.4,split,,6,0.3244881384957318,0.19999812500000008,0.17182010909425469,0.1,0.8
tick_size,0.0,split,0.15,9,0.9566506767260478,0.975356875,0.1553944111761648,0.25,1.15
tick_size,0.0,split,0.4,17,0.9138936136274475,0.8999925000000001,0.15484437772685028,0.5,1.3
rebate,0.4,split,,14,0.7484410805733372,0.40001125000000015,0.2127342812653266,0.1,0.8
rebate,0.4,split,,9,0.957090382055635,0.5999999999999998,0.2328702741950748,0.1,0.8
rebate,0.4,split,,8,0.38014455016860527,0.25001812500000004,0.17719130901670072,0.1,0.8
tick_size,0.0,split,0.2,9,0.7472279010128706,0.9,0.13202364300898659,0.3,1.1
rebate,0.2,split,,7,0.8761962736619949,0.5999943749999996,0.1774966784639113,0.1,1.0
rebate,0.2,split,,4,0.8737646557264859,0.5999881249999997,0.17714290876070599,0.1,1.0
rebate,0.2,split,,15,0.9800049043462737,0.7999850000000003,0.19259952333564787,0.1,1.0
tick_size,0.0,split,0.5,17,0.513215122358837,0.8499999999999999,0.1420157472909714,0.6,1.1
tick_size,0.0,split,0.5,12,0.5154805804638297,0.8500062499999999,0.14210329688142234,0.6,1.1
tick_size,0.0,split,0.5,18,1.0009828882101324,1.0999625000000002,0.16086573972355395,0.6,1.1
tick_size,0.0,split,0.3,5,0.9925591126556551,0.9999662500000001,0.1591227215392432,0.4,1.3
tick_size,0.0,split,0.5,2,1.0011416503139876,1.1,0.16087187515247273,0.6,1.1
tick_size,0.0,split,0.5,4,1.007652046719135,1.09999375,0.16112347218606504,0.6,1.1
tick_size,0.0,split,0.5,0,0.5072208957204142,0.8500031249999999,0.14178409785719578,0.6,1.1
tick_size,0.0,split,0.5,5,1.0073482849869102,1.0999906250000002,0.1611117331849366,0.6,1.1
tick_size,0.0,split,0.4,14,0.9125106800805666,0.8999925000000001,0.15476592498462666,0.5,1.3
tick_size,0.0,split,0.4,0,0.9114524318332169,0.899975,0.15470589138637808,0.5,1.3
tick_size,0.0,split,0.5,8,1.0036347273684376,1.0999687500000002,0.16096822117387946,0.6,1.1
tick_size,0.0,split,0.5,14,1.0092844559946275,1.0999375000000002,0.16118655733568785,0.6,1.1
tick_size,0.0,split,0.4,18,0.9136387775637812,0.9,0.15482992107558372,0.5,1.3
tick_size,0.0,split,0.4,5,0.909584693119591,0.899985,0.15459993602491356,0.5,1.3
tick_size,0.0,split,0.4,4,0.9045260557741513,0.8999650000000001,0.1543129634711277,0.5,1.3
tick_size,0.0,split,0.4,7,0.017662931918350097,0.5000025,0.10400190969676396,0.5,1.3
tick_size,0.0,split,0.2,18,0.8976046469276476,0.9,0.14915950862251315,0.3,1.1
tick_size,0.0,split,0.4,10,0.9087811640752221,0.9000025000000001,0.15455435244851595,0.5,1.3
tick_size,0.0,split,0.4,13,0.9082174117014856,0.9,0.15452237121575574,0.5,1.3
tick_size,0.0,split,0.4,2,0.9117909369658382,0.8999875,0.15472509451871283,0.5,1.3
tick_size,0.0,split,0.5,9,0.3641764401166444,1.0999906250000002,0.136256084129294,0.6,1.1
tick_size,0.0,split,0.5,19,1.009279187747739,1.0999625000000002,0.1611863537420498,0.6,1.1
tick_size,0.0,split,0.5,7,1.0095258176110173,1.1,0.16119588485784284,0.6,1.1
tick_size,0.0,split,0.5,11,0.01810427213603848,0.6000031249999997,0.12288197824475171,0.6,1.1
tick_size,0.0,split,0.3,9,0.7196769665824059,0.6999981249999997,0.13688385148469723,0.4,1.3
tick_size,0.0,split,0.15,19,0.7201906784125813,0.9892290625,0.12399635977531588,0.25,1.15
rebate,0.4,split,,3,0.3865827147284572,0.25000937500000003,0.1778126331003988,0.1,0.8
tick_size,0.0,split,0.3,4,0.7226172998570293,0.7000449999999997,0.13712347760371,0.4,1.3
tick_size,0.0,split,0.3,8,0.7221218569246994,0.7000018749999998,0.13708310086543643,0.4,1.3
tick_size,0.0,split,0.4,19,0.46008954338871505,0.7000024999999997,0.12910042652777184,0.5,1.3
tick_size,0.0,split,0.5,15,0.5101651346590577,0.8499937499999998,0.14189787922119446,0.6,1.1
tick_size,0.0,split,0.3,18,0.9930391423864252,0.9999962499999999,0.15916184215947626,0.4,1.3
tick_size,0.0,split,0.3,15,0.9935067461461816,0.999971875,0.15919995010973934,0.4,1.3
tick_size,0.0,split,0.3,16,0.7240196295475134,0.7000412499999997,0.1372377622068219,0.4,1.3
tick_size,0.0,split,0.4,6,0.9078441648049762,0.8999975,0.15450119721023417,0.5,1.3
tick_size,0.0,split,0.3,17,0.5829409411585142,0.8000012500000002,0.12574037894560056,0.4,1.3
tick_size,0.0,split,0.3,1,0.7258617669344084,0.7000131249999997,0.13738788948542657,0.4,1.3
rebate,0.1,split,,12,0.9578367475629205,0.7999975000000004,0.1698483696677026,0.1,1.0
tick_size,0.0,split,0.4,16,0.9104456136020953,0.8999674999999999,0.15464877537286437,0.5,1.3
rebate,0.4,split,,16,0.17929469217276947,0.15000562499999998,0.15780801229913077,0.1,0.8
tick_size,0.0,split,0.3,19,0.7009939891549613,0.7524418749999998,0.1353612589911252,0.4,1.3
tick_size,0.0,split,0.5,16,1.0058103926280886,1.0999875000000001,0.16105230068169335,0.6,1.1
rebate,0.0,split,,12,0.924887714025688,0.7999831250000004,0.14738160171527392,0.2,1.0
tick_size,0.0,split,0.2,4,0.7911484770213676,0.7000074999999997,0.13702851981737832,0.3,1.1
tick_size,0.0,split,0.3,6,0.8659889957636739,1.0000075000000002,0.1488077323658808,0.4,1.3
rebate,0.3,split,,7,0.584662577686298,0.5,0.1650026740085863,0.1,0.8
tick_size,0.0,split,0.2,12,0.7908710020559714,0.7000174999999996,0.13699690074164142,0.3,1.1
tick_size,0.0,split,0.15,17,0.9438765405016324,1.1499774999999994,0.1536982131357506,0.25,1.15
rebate,0.0,split,,1,0.7633429189811456,0.6000012499999997,0.12299466883711804,0.2,1.0
tick_size,0.0,split,0.3,14,0.572369206738397,0.6999962499999999,0.1248788222941183,0.4,1.3
rebate,0.0,split,,16,0.7646658042249344,0.5999999999999998,0.12319437266314899,0.2,1.0
rebate,0.0,split,,4,1.0003307721757477,0.999960625,0.15877054677364627,0.2,1.0
tick_size,0.0,split,0.2,5,0.7873001183848491,0.6999999999999997,0.13658998820780746,0.3,1.1
tick_size,0.0,split,0.3,12,1.003467215588698,1.2999306250000005,0.16001169096124573,0.4,1.3
rebate,0.2,split,,5,0.9794876470899344,0.7999856250000004,0.19252426893676236,0.1,1.0
rebate,0.2,split,,2,0.7671830680000492,0.5000100000000001,0.1616366336561685,0.1,1.0
rebate,0.3,split,,6,0.3959348569774947,0.7785725,0.1424908875062167,0.1,0.8
rebate,0.1,split,,5,0.8437922935981244,0.6000087499999996,0.1501944878026967,0.1,1.0
rebate,0.0,split,,7,0.7608521152773813,0.5999987499999997,0.12261865509604013,0.2,1.0
rebate,0.0,split,,13,0.925154360609395,0.7990587500000004,0.14742185489914938,0.2,1.0
rebate,0.05,split,,7,0.7739371293135539,0.5999987499999997,0.13633898396976885,0.2,1.0
rebate,0.1,split,,10,0.8435302719639246,0.5999881249999997,0.15014933223339363,0.1,1.0
rebate,0.3,split,,0,0.7039077281909599,0.4000000000000002,0.17922645289767591,0.1,0.8
baseline,0.0,split,,19,0.7638716706164933,0.5999974999999996,0.12307448961151615,0.2,1.0
rebate,0.05,split,,11,0.7759843919335051,0.5999868749999998,0.13662496511425537,0.2,1.0
rebate,0.3,split,,10,0.5059445703635067,0.93330625,0.15561304662323322,0.1,0.8
rebate,0.2,split,,18,0.8760378042529663,0.5999731249999997,0.1774736231660454,0.1,1.0
rebate,0.2,split,,10,0.6590199871970721,0.4000000000000002,0.14590027128004995,0.1,1.0
baseline,0.0,split,,0,0.9249443745564421,0.7999925000000003,0.14739015523480983,0.2,1.0
rebate,0.0,split,,2,0.7605233538845254,0.6000018749999998,0.12256902501035218,0.2,1.0
rebate,0.3,split,,11,0.9217499825228408,0.5999468749999998,0.20521107403492175,0.1,0.8
rebate,0.05,split,,12,0.933408576318547,0.7999843750000004,0.15861547477410753,0.2,1.0
rebate,0.2,split,,8,0.9788090537225681,0.7999368750000003,0.19242554217107086,0.1,1.0
tick_size,0.0,split,0.5,13,0.021909654061488686,0.6000468749999998,0.12302903884514343,0.6,1.1
rebate,0.1,split,,2,0.9580298169907857,0.8000012500000003,0.16988164233985006,0.1,1.0
tick_size,0.0,split,0.2,3,1.0016841775427578,1.0999750000000001,0.16101967249884952,0.3,1.1
rebate,0.3,split,,5,0.7264567738980199,0.450006875,0.18191614416763374,0.1,0.8
rebate,0.1,split,,8,0.9584737776113853,0.7999675000000003,0.16995815241365578,0.1,1.0
rebate,0.05,split,,5,0.7749097980386532,0.6000012499999997,0.13647485560269926,0.2,1.0
tick_size,0.0,split,0.4,1,0.9086737763698997,0.9,0.1545482604276935,0.5,1.3
tick_size,0.0,split,0.3,11,0.9935460381206234,1.0000075000000002,0.15920315225808934,0.4,1.3
rebate,0.0,split,,11,0.9268902649968681,0.7999700000000003,0.14768390842906057,0.2,1.0
rebate,0.3,split,,16,0.9243073214003623,0.5999999999999998,0.20551611807725298,0.1,0.8
rebate,0.1,split,,4,1.0002076029835953,0.999903125,0.17715036251352959,0.1,1.0
rebate,0.1,split,,6,0.8990326268953814,0.6999918749999998,0.15971434560431305,0.1,1.0
rebate,0.1,split,,7,0.8429972768110805,0.6000012499999997,0.15005747836935696,0.1,1.0
baseline,0.0,split,,17,0.7629750617146999,0.5999762499999997,0.1229391368067417,0.2,1.0
rebate,0.4,split,,11,0.3354807651258782,0.2000718750000001,0.17288096791588256,0.1,0.8
rebate,0.4,split,,5,0.17143218725060327,0.15000749999999996,0.15704923025481954,0.1,0.8
rebate,0.0,split,,18,0.8434105568756362,0.6999924999999998,0.13508174419294763,0.2,1.0
rebate,0.1,split,,1,0.9600239993488119,0.7999868750000003,0.1702253102966805,0.1,1.0
tick_size,0.0,split,0.2,6,0.7200882107798859,0.7000087499999997,0.128930996723844,0.3,1.1
rebate,0.05,split,,15,0.6620508332774435,0.566663125,0.12070964033747655,0.2,1.0
rebate,0.3,split,,19,0.9232881069457188,0.5999906249999998,0.205394544319477,0.1,0.8
rebate,0.05,split,,8,0.934226506610156,0.7999656250000003,0.15872973106864688,0.2,1.0
baseline,0.0,split,,7,0.7608521152773813,0.5999987499999997,0.12261865509604013,0.2,1.0
rebate,0.1,split,,18,0.9574864925498178,0.7998418750000004,0.16978800837514668,0.1,1.0
rebate,0.05,split,,17,0.7121565297436382,0.5815187499999999,0.12770888131469815,0.2,1.0
rebate,0.4,split,,2,0.329628807117389,0.20001437500000008,0.17231621651606002,0.1,0.8
rebate,0.4,split,,10,0.32897946187580446,0.20000187500000008,0.17225355054449615,0.1,0.8
rebate,0.0,split,,14,0.7599277455053346,0.6000174999999996,0.12247911148784599,0.2,1.0
rebate,0.4,split,,1,0.38611454416812596,0.25000000000000006,0.17776745164507748,0.1,0.8
rebate,0.0,split,,0,0.9249443745564421,0.7999925000000003,0.14739015523480983,0.2,1.0
rebate,0.3,split,,12,0.9183029238958662,0.5999868749999998,0.20479990259926745,0.1,0.8
rebate,0.05,split,,14,1.0009608275725277,0.9999981250000001,0.16805181671577538,0.2,1.0
rebate,0.4,split,,7,0.5139732126085848,0.3333381249999999,0.19010663143352519,0.1,0.8
rebate,0.2,split,,17,0.9801885852354227,0.7999500000000003,0.19262624658550132,0.1,1.0
rebate,0.0,split,,5,0.8822925218590676,0.7999825000000004,0.1409513970651451,0.2,1.0
baseline,0.0,split,,14,0.7599277455053346,0.6000174999999996,0.12247911148784599,0.2,1.0
rebate,0.2,split,,9,0.5409202292774933,0.38473749999999995,0.1287182478635792,0.1,1.0
rebate,0.0,split,,19,0.7638716706164933,0.5999974999999996,0.12307448961151615,0.2,1.0
rebate,0.05,split,,1,0.7766213765532954,0.5999906249999998,0.1367139451937101,0.2,1.0
rebate,0.05,split,,10,0.7746153228329672,0.5999924999999997,0.136433720500869,0.2,1.0
rebate,0.1,split,,11,0.9595700942770938,0.7999606250000002,0.17014708644319765,0.1,1.0
rebate,0.2,split,,6,0.9374230212762551,0.7999918750000002,0.18640439707192852,0.1,1.0
rebate,0.3,split,,9,0.7108877453839686,0.4000000000000002,0.18005904207027726,0.1,0.8
rebate,0.05,split,,6,0.9322977507436305,0.7999800000000002,0.1584603040763457,0.2,1.0
rebate,0.4,split,,12,1.002462634141632,0.7999793750000004,0.23724898689969368,0.1,0.8
rebate,0.3,split,,13,1.0040680471078063,0.8000000000000004,0.2150301228119919,0.1,0.8
rebate,0.2,split,,11,0.7341678621532709,0.5999856249999997,0.1568333381206668,0.1,1.0
rebate,0.2,split,,13,0.9761193192982469,0.7981125000000003,0.19203421977823204,0.1,1.0
baseline,0.0,split,,3,0.9267453802390174,0.7999925000000003,0.1476620365088678,0.2,1.0
rebate,0.2,split,,16,0.9818085104981199,0.7999918750000004,0.19286192525484752,0.1,1.0
rebate,0.0,split,,9,0.96786798225193,1.5,0.1538699377587193,0.2,1.0
baseline,0.0,split,,10,0.7614546225697152,0.5999968749999998,0.12270961008405257,0.2,1.0
rebate,0.1,split,,13,0.734135756101736,0.5000975000000001,0.13129679871081962,0.1,1.0
rebate,0.05,split,,4,0.9321845853284834,0.8000043750000002,0.1584444960531714,0.2,1.0
rebate,0.05,split,,19,0.970068031615902,0.8999743750000001,0.16373641669920352,0.2,1.0
rebate,0.3,split,,14,0.5165707858611382,0.31957249999999987,0.15688056097519187,0.1,0.8
rebate,0.05,split,,16,0.8577605767859676,0.6999999999999997,0.14804824159473243,0.2,1.0
rebate,0.0,split,,8,0.9257062233017667,0.7999906250000004,0.14750516453740245,0.2,1.0
tick_size,0.0,split,0.4,3,0.9106155062082482,0.899985,0.15465841324799312,0.5,1.3
rebate,0.3,split,,3,0.46917640082332596,0.3500024999999999,0.1512272723466043,0.1,0.8
rebate,0.05,split,,18,0.7738172109191302,0.5999912499999998,0.13632223262612195,0.2,1.0
rebate,0.0,split,,10,0.7614546225697152,0.5999968749999998,0.12270961008405257,0.2,1.0
rebate,0.3,split,,2,0.9190669112164357,0.6000068749999997,0.20489103239931264,0.1,0.8
rebate,0.2,split,,12,0.8752510378081112,0.5999881249999997,0.17735915858358622,0.1,1.0
rebate,0.3,split,,4,0.5211131745703791,0.30095499999999986,0.15742238537941378,0.1,0.8
baseline,0.0,split,,9,0.96786798225193,1.5,0.1538699377587193,0.2,1.0
rebate,0.3,split,,8,0.9187198091122751,0.5995768749999998,0.20484962942769808,0.1,0.8
tick_size,0.0,split,0.3,3,0.949411948240272,1.2576381250000002,0.1556063896851311,0.4,1.3
tick_size,0.0,split,0.3,0,0.9893954854175024,0.999971875,0.15886489780081725,0.4,1.3
tick_size,0.0,split,0.4,9,0.9092105897539265,0.8999925000000001,0.15457871343256438,0.5,1.3
rebate,0.05,split,,2,0.7437792767512943,0.6917612499999998,0.13212624784741622,0.2,1.0
rebate,0.2,split,,19,0.7707912976287726,0.49999875,0.16216158550251308,0.1,1.0
baseline,0.0,split,,16,0.7646658042249344,0.5999999999999998,0.12319437266314899,0.2,1.0
rebate,0.05,split,,0,0.7578834742255758,0.5976493749999997,0.1340964565038196,0.2,1.0
baseline,0.0,split,,1,0.7633429189811456,0.6000012499999997,0.12299466883711804,0.2,1.0
rebate,0.2,split,,14,0.8752510792102843,0.6000037499999997,0.1773591646070796,0.1,1.0
tick_size,0.0,split,0.3,2,0.728880319905075,0.6998987499999997,0.1376338902159009,0.4,1.3
tick_size,0.0,split,0.2,2,0.7919549170076076,0.6999999999999997,0.13712041598886093,0.3,1.1
baseline,0.0,split,,15,0.9267484745474786,0.7999762500000004,0.147662503628175,0.2,1.0
tick_size,0.0,split,0.2,17,0.9476429328929667,0.8999962500000002,0.1548615161943412,0.3,1.1
rebate,0.3,split,,18,0.9193419623163551,0.5999937499999998,0.20492384099582073,0.1,0.8
rebate,0.4,split,,0,0.37519870731794175,0.25000000000000006,0.17671400352866362,0.1,0.8
tick_size,0.0,split,0.2,10,0.8224293176248119,1.1999999999999997,0.14059306217795411,0.3,1.1
tick_size,0.0,split,0.2,7,0.9488346169265734,0.8999887500000001,0.1549973120404971,0.3,1.1
rebate,0.4,split,,4,0.5823115405470402,0.43333687499999995,0.1967017174387199,0.1,0.8
baseline,0.0,split,,4,1.0003307721757477,0.999960625,0.15877054677364627,0.2,1.0
rebate,0.4,split,,15,0.4844700384291097,0.7333249999999999,0.18725938630755268,0.1,0.8
rebate,0.1,split,,19,0.960452652448958,0.7999825000000004,0.17029918234480257,0.1,1.0
rebate,0.1,split,,15,0.9594939210785102,0.7999900000000003,0.17013395911438686,0.1,1.0
rebate,0.1,split,,14,0.8415376202258492,0.5997349999999997,0.149805928056367,0.1,1.0
rebate,0.1,split,,0,0.9564028486875323,0.7991393750000004,0.16960125831661538,0.1,1.0
tick_size,0.0,split,0.2,11,0.793576210526513,0.7000049999999998,0.1373051670798028,0.3,1.1
tick_size,0.0,split,0.2,8,0.9453630290429906,0.899985,0.15460171454916466,0.3,1.1
tick_size,0.0,split,0.2,19,0.7068672756720064,0.6965774999999998,0.12742443288702462,0.3,1.1
tick_size,0.0,split,0.15,2,0.7300115332500249,0.7749868750000002,0.125300409962179,0.25,1.15
tick_size,0.0,split,0.15,3,0.8206311504844421,0.6999943749999997,0.13733322489978042,0.25,1.15
tick_size,0.0,split,0.3,7,0.7205865466730524,0.6999624999999997,0.13695797884601849,0.4,1.3
tick_size,0.0,split,0.2,15,0.7936983322705637,0.6999949999999997,0.13731908320614145,0.3,1.1
rebate,0.1,split,,3,0.9594385138620289,0.7999737500000003,0.17012441049672652,0.1,1.0
rebate,0.1,split,,16,0.8463481642735549,0.5999999999999998,0.15063495446785036,0.1,1.0
rebate,0.0,split,,3,0.9267453802390174,0.7999925000000003,0.1476620365088678,0.2,1.0
rebate,0.0,split,,15,0.9267484745474786,0.7999762500000004,0.147662503628175,0.2,1.0
tick_size,0.0,split,0.2,13,0.7949982708960698,0.6999974999999997,0.13746721497649594,0.3,1.1
tick_size,0.0,split,0.2,14,0.7235192664231502,0.6615724999999999,0.12932197544903087,0.3,1.1
rebate,0.3,split,,1,0.9225800540776564,0.5999906249999998,0.20531008648287333,0.1,0.8
rebate,0.05,split,,13,0.9344883364194675,0.7997393750000003,0.15876630595053934,0.2,1.0
baseline,0.0,split,,18,0.8434105568756362,0.6999924999999998,0.13508174419294763,0.2,1.0
rebate,0.2,split,,3,0.4950336902958354,0.62501375,0.12204233589582962,0.1,1.0
rebate,0.0,split,,17,0.7629750617146999,0.5999762499999997,0.1229391368067417,0.2,1.0
rebate,0.4,split,,17,0.34782086239414517,0.32844,0.1740718662777796,0.1,0.8
rebate,0.3,split,,17,0.9166219843891376,0.5987362499999997,0.20459939707121488,0.1,0.8
rebate,0.2,split,,0,0.8754583095502511,0.5999893749999997,0.17738931400464514,0.1,1.0
tick_size,0.0,split,0.15,8,0.9011881446791716,0.8499971874999998,0.14802988675575726,0.25,1.15
baseline,0.0,split,,11,0.9268902649968681,0.7999700000000003,0.14768390842906057,0.2,1.0
rebate,0.05,split,,9,0.9357298474728172,0.7996150000000003,0.15893973204080716,0.2,1.0
rebate,0.4,split,,18,0.3621754819147528,0.23333250000000008,0.17545717892978818,0.1,0.8
tick_size,0.0,split,0.2,0,0.6493683428257339,0.6000287499999997,0.12087226300077566,0.3,1.1
tick_size,0.0,split,0.15,0,0.8186387539048313,0.7002334374999997,0.13706866695905606,0.25,1.15
rebate,0.2,split,,1,0.8787580527879265,0.5999862499999997,0.17786938497665075,0.1,1.0
tick_size,0.0,split,0.15,18,0.7703175015375171,0.8500009374999999,0.13065238861851816,0.25,1.15
rebate,0.1,split,,9,0.84584666689322,0.5999999999999998,0.1505485287809708,0.1,1.0
baseline,0.0,split,,5,0.8822925218590676,0.7999825000000004,0.1409513970651451,0.2,1.0
rebate,0.0,split,,6,0.7588178823443988,0.5999974999999997,0.12231156564768311,0.2,1.0
tick_size,0.0,split,0.2,16,0.7910802391050545,0.6999674999999997,0.13702074390923125,0.3,1.1
tick_size,0.0,split,0.15,6,0.7788502747249189,0.7375018750000003,0.1317854024603548,0.25,1.15
tick_size,0.0,split,0.15,12,0.7818130238352091,1.0124509375000001,0.13217880747395627,0.25,1.15
tick_size,0.0,split,0.15,1,0.821098676653074,0.6999999999999997,0.13739530478973494,0.25,1.15
tick_size,0.0,split,0.15,14,0.8197646848678196,0.6999999999999997,0.1372181723236076,0.25,1.15
tick_size,0.0,split,0.2,1,1.0016075704262235,1.099965,0.16101094289610418,0.3,1.1
tick_size,0.0,split,0.15,15,0.873636965982913,0.7750028125,0.14437153722082943,0.25,1.15
tick_size,0.0,split,0.15,10,0.8191750577629856,0.6999990624999997,0.1371398794103159,0.25,1.15
rebate,0.4,split,,19,0.3867560157697639,0.25000000000000006,0.17782935775999592,0.1,0.8
tick_size,0.0,split,0.15,7,0.6993262427807999,0.8687368750000002,0.12122590123226908,0.25,1.15
tick_size,0.0,split,0.15,11,0.818729217574404,0.6999999999999997,0.13708067906667432,0.25,1.15
tick_size,0.0,split,0.15,5,0.8195401051331304,0.7000074999999997,0.13718835177846825,0.25,1.15
tick_size,0.0,split,0.15,13,0.9291820146675766,0.8500018749999998,0.1517470185119684,0.25,1.15
tick_size,0.0,split,0.1,4,0.9110290044515191,0.7999687500000003,0.14740943160023348,0.2,1.2
tick_size,0.0,split,0.1,0,0.7527193571132076,0.6000843749999998,0.12314249487671973,0.2,1.2
tick_size,0.0,split,0.1,5,0.8435013408827259,0.7000231249999997,0.13705826496912657,0.2,1.2
tick_size,0.0,split,0.1,6,0.7966645605414715,0.6500000000000001,0.12987875819879424,0.2,1.2
tick_size,0.0,split,0.1,1,0.7714349595989012,0.954151875,0.1260113683086224,0.2,1.2
tick_size,0.0,split,0.1,3,0.7854910724067827,0.9713631249999999,0.12816599884328903,0.2,1.2
tie_rule,0.0,split,,0,0.9249443745564421,0.7999925000000003,0.14739015523480983,0.2,1.0
tick_size,0.0,split,0.1,11,0.9006654128997017,0.8000131250000002,0.1458208195058685,0.2,1.2
tie_rule,0.0,split,,1,0.7633429189811456,0.6000012499999997,0.12299466883711804,0.2,1.0
tick_size,0.0,split,0.1,2,0.7596728423591763,1.0395237500000003,0.12420837929569772,0.2,1.2
tick_size,0.0,split,0.1,13,0.7735670228742509,0.8800018750000002,0.1263381875863059,0.2,1.2
tick_size,0.0,split,0.1,7,0.7045541778295928,0.9041787499999998,0.11575936076200355,0.2,1.2
tie_rule,0.0,split,,3,0.9267453802390174,0.7999925000000003,0.1476620365088678,0.2,1.0
tick_size,0.0,split,0.1,14,0.7288864630139446,0.8166637499999999,0.11948920309842986,0.2,1.2
tick_size,0.0,split,0.1,15,0.842774293551816,0.6999999999999997,0.13694681748711376,0.2,1.2
tie_rule,0.0,split,,5,0.8822925218590676,0.7999825000000004,0.1409513970651451,0.2,1.0
tick_size,0.0,split,0.1,8,0.761930808596383,0.962495625,0.12455449796075312,0.2,1.2
tick_size,0.0,split,0.1,17,0.7024054061919073,0.799993125,0.11542998029630416,0.2,1.2
tick_size,0.0,split,0.1,18,0.793971529753935,0.7999887500000002,0.12946594944825762,0.2,1.2
tie_rule,0.0,split,,4,1.0003307721757477,0.999960625,0.15877054677364627,0.2,1.0
tie_rule,0.0,split,,8,0.9257062233017667,0.7999906250000004,0.14750516453740245,0.2,1.0
tie_rule,0.0,split,,16,0.7646658042249344,0.5999999999999998,0.12319437266314899,0.2,1.0
tie_rule,0.0,split,,6,0.7588178823443988,0.5999974999999997,0.12231156564768311,0.2,1.0
tie_rule,0.0,split,,19,0.7638716706164933,0.5999974999999996,0.12307448961151615,0.2,1.0
tie_rule,0.0,split,,2,0.7605233538845254,0.6000018749999998,0.12256902501035218,0.2,1.0
tick_size,0.0,split,0.1,19,0.8365004547652792,0.8099999999999999,0.13598511457509188,0.2,1.2
tie_rule,0.0,split,,12,0.924887714025688,0.7999831250000004,0.14738160171527392,0.2,1.0
tie_rule,0.0,split,,7,0.7608521152773813,0.5999987499999997,0.12261865509604013,0.2,1.0
tie_rule,0.0,split,,10,0.7614546225697152,0.5999968749999998,0.12270961008405257,0.2,1.0
tie_rule,0.0,split,,11,0.9268902649968681,0.7999700000000003,0.14768390842906057,0.2,1.0
tie_rule,0.0,split,,13,0.925154360609395,0.7990587500000004,0.14742185489914938,0.2,1.0
tick_size,0.0,split,0.1,12,0.7573058309535899,0.864291875,0.12384554533725646,0.2,1.2
tie_rule,0.0,winner_take_all,,3,0.4846054301606621,0.830330625,0.08372602233319931,0.3,1.0
tie_rule,0.0,winner_take_all,,5,1.005839169140408,1.0,0.15263485593257511,0.3,1.0
tie_rule,0.0,winner_take_all,,7,0.8561208842419005,1.066606875,0.13284160079707805,0.3,1.0
tick_size,0.0,split,0.1,10,0.7560139155484475,0.9555300000000001,0.12364751047383639,0.2,1.2
tie_rule,0.0,split,,17,0.7629750617146999,0.5999762499999997,0.1229391368067417,0.2,1.0
tie_rule,0.0,winner_take_all,,4,0.8938858611238497,0.7999743750000003,0.13783425632420546,0.3,1.0
tick_size,0.0,split,0.1,9,0.8765438164378485,0.7499993749999999,0.14212327317908652,0.2,1.2
tie_rule,0.0,winner_take_all,,18,0.6950740787405914,0.7239243749999997,0.11155067756612431,0.3,1.0
tie_rule,0.0,winner_take_all,,8,0.7800120993567312,0.6998781249999997,0.12277976634375114,0.3,1.0
tie_rule,0.0,winner_take_all,,0,0.7400511230402149,0.6856481249999998,0.11749679238881607,0.3,1.0
tie_rule,0.0,winner_take_all,,9,0.6417306017271227,0.7166631250000002,0.10449849251699786,0.3,1.0
tie_rule,0.0,winner_take_all,,10,0.8962396815972052,0.7999812500000003,0.1381454392181577,0.3,1.0
tie_rule,0.0,winner_take_all,,17,0.6898654658569182,0.7109437499999998,0.11086208162222563,0.3,1.0
tie_rule,0.0,split,,14,0.7599277455053346,0.6000174999999996,0.12247911148784599,0.2,1.0
tie_rule,0.0,winner_take_all,,16,0.8789066157224209,0.7949681250000004,0.135853950270281,0.3,1.0
tie_rule,0.0,winner_take_all,,11,0.5710513980623008,0.8273137499999997,0.09515446675648419,0.3,1.0
tick_size,0.0,split,0.1,16,0.7234342626699213,0.8749950000000001,0.11865344733131868,0.2,1.2
tie_rule,0.0,winner_take_all,,6,0.8950129657335363,0.8000000000000004,0.13798326330167013,0.3,1.0
tie_rule,0.0,winner_take_all,,19,0.7837416271314408,0.6999956249999998,0.12327282231770775,0.3,1.0
tie_rule,0.0,winner_take_all,,1,0.6446825543971814,0.6999999999999997,0.10488875047637798,0.3,1.0
tie_rule,0.0,split,,9,0.96786798225193,1.5,0.1538699377587193,0.2,1.0
tie_rule,0.0,winner_take_all,,14,0.625921242425462,0.9499793750000001,0.10240844264500902,0.3,1.0
tie_rule,0.0,split,,15,0.9267484745474786,0.7999762500000004,0.147662503628175,0.2,1.0
tie_rule,0.0,split,,18,0.8434105568756362,0.6999924999999998,0.13508174419294763,0.2,1.0
tie_rule,0.0,winner_take_all,,13,0.8962251386822824,0.7999250000000003,0.138143516596444,0.3,1.0
tie_rule,0.0,winner_take_all,,15,0.9510633466370876,0.8999831250000001,0.14539331004658074,0.3,1.0
tie_rule,0.0,winner_take_all,,12,0.652290764329866,1.0897368750000003,0.10589458112975565,0.3,1.0
tie_rule,0.0,winner_take_all,,2,0.7133926620847785,0.8999775,0.11397245520068748,0.3,1.0
