suite,condition,condition_label,maker_rebates,taker_fees,n_makers,tie_rule,seed,periods,maker_rebate_a,maker_rebate_b,taker_fee_a,taker_fee_b,avg_profit,collusion_index,realized_spread,effective_spread,venue_a_flow_share,nash_spread,nash_effective_spread,nash_venue,monopoly_spread,monopoly_effective_spread,monopoly_venue
two_venue_routing,neutral_vs_neutral,two neutral venues,"(0.0, 0.0)","(0.0, 0.0)",2,split,0,500000,0.0,0.0,0.0,0.0,0.15722427272105294,0.9332194165440902,0.7997180000000002,0.7997180000000002,0.00057,0.2,0.2,0,1.0,1.0,0
two_venue_routing,neutral_vs_neutral,two neutral venues,"(0.0, 0.0)","(0.0, 0.0)",2,split,1,500000,0.0,0.0,0.0,0.0,0.11533555947095299,0.5970587671302333,0.4999740000000001,0.4999740000000001,0.42873,0.2,0.2,0,1.0,1.0,0
two_venue_routing,neutral_vs_neutral,two neutral venues,"(0.0, 0.0)","(0.0, 0.0)",2,split,2,500000,0.0,0.0,0.0,0.0,0.16547163623493769,0.9994052422634571,0.9993640000000001,0.9993640000000001,0.49999,0.2,0.2,0,1.0,1.0,0
two_venue_routing,neutral_vs_neutral,two neutral venues,"(0.0, 0.0)","(0.0, 0.0)",2,split,3,500000,0.0,0.0,0.0,0.0,0.11118694857643797,0.5637657957243322,0.4916519999999999,0.4916519999999999,0.62497,0.2,0.2,0,1.0,1.0,0
two_venue_routing,neutral_vs_neutral,two neutral venues,"(0.0, 0.0)","(0.0, 0.0)",2,split,4,500000,0.0,0.0,0.0,0.0,0.13716657267984908,0.772254589781756,0.5998259999999999,0.5998259999999999,0.99966,0.2,0.2,0,1.0,1.0,0
two_venue_routing,neutral_vs_neutral,two neutral venues,"(0.0, 0.0)","(0.0, 0.0)",2,split,5,500000,0.0,0.0,0.0,0.0,0.12594932976124656,0.6822352176984798,0.549926,0.549926,0.62488,0.2,0.2,0,1.0,1.0,0
two_venue_routing,neutral_vs_neutral,two neutral venues,"(0.0, 0.0)","(0.0, 0.0)",2,split,6,500000,0.0,0.0,0.0,0.0,0.11806784076603616,0.6189855675323512,0.512478,0.512478,0.25008,0.2,0.2,0,1.0,1.0,0
two_venue_routing,neutral_vs_neutral,two neutral venues,"(0.0, 0.0)","(0.0, 0.0)",2,split,7,500000,0.0,0.0,0.0,0.0,0.13717294897944185,0.772305760153096,0.5998519999999999,0.5998519999999999,0.99972,0.2,0.2,0,1.0,1.0,0
two_venue_routing,neutral_vs_neutral,two neutral venues,"(0.0, 0.0)","(0.0, 0.0)",2,split,8,500000,0.0,0.0,0.0,0.0,0.1371549994790599,0.7721617138161024,0.5997879999999998,0.5997879999999998,0.99932,0.2,0.2,0,1.0,1.0,0
two_venue_routing,neutral_vs_neutral,two neutral venues,"(0.0, 0.0)","(0.0, 0.0)",2,split,9,500000,0.0,0.0,0.0,0.0,0.14217054570160645,0.8124119183346774,0.6497459999999999,0.6497459999999999,0.62459,0.2,0.2,0,1.0,1.0,0
two_venue_routing,neutral_vs_neutral,two neutral venues,"(0.0, 0.0)","(0.0, 0.0)",2,split,10,500000,0.0,0.0,0.0,0.0,0.13716100145642343,0.7722098802182605,0.5998079999999998,0.5998079999999998,0.49986,0.2,0.2,0,1.0,1.0,0
two_venue_routing,neutral_vs_neutral,two neutral venues,"(0.0, 0.0)","(0.0, 0.0)",2,split,11,500000,0.0,0.0,0.0,0.0,0.11397873367522816,0.5861701194434668,0.516632,0.516632,0.83316,0.2,0.2,0,1.0,1.0,0
two_venue_routing,neutral_vs_neutral,two neutral venues,"(0.0, 0.0)","(0.0, 0.0)",2,split,12,500000,0.0,0.0,0.0,0.0,0.1139273980023124,0.5857581461025234,0.5000020000000001,0.5000020000000001,0.40019,0.2,0.2,0,1.0,1.0,0
two_venue_routing,neutral_vs_neutral,two neutral venues,"(0.0, 0.0)","(0.0, 0.0)",2,split,13,500000,0.0,0.0,0.0,0.0,0.1371685388600524,0.7722703685527597,0.5998399999999998,0.5998399999999998,0.00047,0.2,0.2,0,1.0,1.0,0
two_venue_routing,neutral_vs_neutral,two neutral venues,"(0.0, 0.0)","(0.0, 0.0)",2,split,14,500000,0.0,0.0,0.0,0.0,0.11726170796104644,0.6125162800748638,0.5249320000000001,0.5249320000000001,0.74976,0.2,0.2,0,1.0,1.0,0
two_venue_routing,neutral_vs_neutral,two neutral venues,"(0.0, 0.0)","(0.0, 0.0)",2,split,15,500000,0.0,0.0,0.0,0.0,0.11674101277959976,0.6083376549331292,0.5142220000000001,0.5142220000000001,0.4286,0.2,0.2,0,1.0,1.0,0
two_venue_routing,neutral_vs_neutral,two neutral venues,"(0.0, 0.0)","(0.0, 0.0)",2,split,16,500000,0.0,0.0,0.0,0.0,0.14721235710548022,0.8528729032694284,0.6998779999999999,0.6998779999999999,0.25016,0.2,0.2,0,1.0,1.0,0
two_venue_routing,neutral_vs_neutral,two neutral venues,"(0.0, 0.0)","(0.0, 0.0)",2,split,17,500000,0.0,0.0,0.0,0.0,0.12283578540856975,0.6572487473496398,0.566578,0.566578,0.50001,0.2,0.2,0,1.0,1.0,0
two_venue_routing,neutral_vs_neutral,two neutral venues,"(0.0, 0.0)","(0.0, 0.0)",2,split,18,500000,0.0,0.0,0.0,0.0,0.13717656258433622,0.7723347596537673,0.5998819999999998,0.5998819999999998,0.33325,0.2,0.2,0,1.0,1.0,0
two_venue_routing,neutral_vs_neutral,two neutral venues,"(0.0, 0.0)","(0.0, 0.0)",2,split,19,500000,0.0,0.0,0.0,0.0,0.137155478032387,0.772165554249115,0.5997919999999999,0.5997919999999999,0.99915,0.2,0.2,0,1.0,1.0,0
two_venue_routing,maker_rebate_vs_neutral,maker-rebate venue vs neutral,"(0.2, 0.0)","(0.0, 0.0)",2,split,0,500000,0.2,0.0,0.0,0.0,0.15194003714435134,0.5494530384576093,0.36666600000000005,0.36666600000000005,0.99974,0.1,0.1,0,1.0,1.0,0
two_venue_routing,maker_rebate_vs_neutral,maker-rebate venue vs neutral,"(0.2, 0.0)","(0.0, 0.0)",2,split,1,500000,0.2,0.0,0.0,0.0,0.19200838983882687,0.9076861212020355,0.5995779999999998,0.5995779999999998,0.99993,0.1,0.1,0,1.0,1.0,0
two_venue_routing,maker_rebate_vs_neutral,maker-rebate venue vs neutral,"(0.2, 0.0)","(0.0, 0.0)",2,split,2,500000,0.2,0.0,0.0,0.0,0.16754461177994223,0.6889665073353539,0.3999020000000001,0.3999020000000001,0.99989,0.1,0.1,0,1.0,1.0,0
two_venue_routing,maker_rebate_vs_neutral,maker-rebate venue vs neutral,"(0.2, 0.0)","(0.0, 0.0)",2,split,3,500000,0.2,0.0,0.0,0.0,0.15784514178397657,0.6022479176260016,0.34993399999999997,0.34993399999999997,0.99988,0.1,0.1,0,1.0,1.0,0
two_venue_routing,maker_rebate_vs_neutral,maker-rebate venue vs neutral,"(0.2, 0.0)","(0.0, 0.0)",2,split,4,500000,0.2,0.0,0.0,0.0,0.15345994509694028,0.5630418504433532,0.499784,0.499784,0.68763,0.1,0.1,0,1.0,1.0,0
two_venue_routing,maker_rebate_vs_neutral,maker-rebate venue vs neutral,"(0.2, 0.0)","(0.0, 0.0)",2,split,5,500000,0.2,0.0,0.0,0.0,0.14293578551725605,0.4689500828513111,0.28332,0.28332,0.99992,0.1,0.1,0,1.0,1.0,0
two_venue_routing,maker_rebate_vs_neutral,maker-rebate venue vs neutral,"(0.2, 0.0)","(0.0, 0.0)",2,split,6,500000,0.2,0.0,0.0,0.0,0.1514226443105124,0.5448272623177891,0.385716,0.385716,0.99987,0.1,0.1,0,1.0,1.0,0
two_venue_routing,maker_rebate_vs_neutral,maker-rebate venue vs neutral,"(0.2, 0.0)","(0.0, 0.0)",2,split,7,500000,0.2,0.0,0.0,0.0,0.1460383709965528,0.4966889012949207,0.31669,0.31669,0.99991,0.1,0.1,0,1.0,1.0,0
two_venue_routing,maker_rebate_vs_neutral,maker-rebate venue vs neutral,"(0.2, 0.0)","(0.0, 0.0)",2,split,8,500000,0.2,0.0,0.0,0.0,0.14644914024937952,0.5003614040518665,0.32494799999999996,0.32494799999999996,0.99992,0.1,0.1,0,1.0,1.0,0
two_venue_routing,maker_rebate_vs_neutral,maker-rebate venue vs neutral,"(0.2, 0.0)","(0.0, 0.0)",2,split,9,500000,0.2,0.0,0.0,0.0,0.19203831956017567,0.9079537093513715,0.5998219999999999,0.5998219999999999,0.99983,0.1,0.1,0,1.0,1.0,0
two_venue_routing,maker_rebate_vs_neutral,maker-rebate venue vs neutral,"(0.2, 0.0)","(0.0, 0.0)",2,split,10,500000,0.2,0.0,0.0,0.0,0.14814631177513823,0.5155350497531141,0.2999899999999999,0.2999899999999999,0.9999,0.1,0.1,0,1.0,1.0,0
two_venue_routing,maker_rebate_vs_neutral,maker-rebate venue vs neutral,"(0.2, 0.0)","(0.0, 0.0)",2,split,11,500000,0.2,0.0,0.0,0.0,0.15194418395804016,0.5494901132498434,0.43988,0.43988,0.7001,0.1,0.1,0,1.0,1.0,0
two_venue_routing,maker_rebate_vs_neutral,maker-rebate venue vs neutral,"(0.2, 0.0)","(0.0, 0.0)",2,split,12,500000,0.2,0.0,0.0,0.0,0.15573771425180133,0.5834063578726427,0.38742799999999994,0.38742799999999994,0.99998,0.1,0.1,0,1.0,1.0,0
two_venue_routing,maker_rebate_vs_neutral,maker-rebate venue vs neutral,"(0.2, 0.0)","(0.0, 0.0)",2,split,13,500000,0.2,0.0,0.0,0.0,0.1565652504982765,0.5908049864840561,0.41424199999999994,0.41424199999999994,0.99998,0.1,0.1,0,1.0,1.0,0
two_venue_routing,maker_rebate_vs_neutral,maker-rebate venue vs neutral,"(0.2, 0.0)","(0.0, 0.0)",2,split,14,500000,0.2,0.0,0.0,0.0,0.14815221387537972,0.5155878177713128,0.2999939999999999,0.2999939999999999,0.99993,0.1,0.1,0,1.0,1.0,0
two_venue_routing,maker_rebate_vs_neutral,maker-rebate venue vs neutral,"(0.2, 0.0)","(0.0, 0.0)",2,split,15,500000,0.2,0.0,0.0,0.0,0.1531659380108536,0.5604132655948411,0.437396,0.437396,0.87501,0.1,0.1,0,1.0,1.0,0
two_venue_routing,maker_rebate_vs_neutral,maker-rebate venue vs neutral,"(0.2, 0.0)","(0.0, 0.0)",2,split,16,500000,0.2,0.0,0.0,0.0,0.156099728878321,0.5866429674893539,0.41108399999999995,0.41108399999999995,1.0,0.1,0.1,0,1.0,1.0,0
two_venue_routing,maker_rebate_vs_neutral,maker-rebate venue vs neutral,"(0.2, 0.0)","(0.0, 0.0)",2,split,17,500000,0.2,0.0,0.0,0.0,0.14616726785056347,0.4978413099731707,0.29999800000000004,0.29999800000000004,0.99983,0.1,0.1,0,1.0,1.0,0
two_venue_routing,maker_rebate_vs_neutral,maker-rebate venue vs neutral,"(0.2, 0.0)","(0.0, 0.0)",2,split,18,500000,0.2,0.0,0.0,0.0,0.1559198071215639,0.5850343681524319,0.3400559999999999,0.3400559999999999,0.99979,0.1,0.1,0,1.0,1.0,0
two_venue_routing,maker_rebate_vs_neutral,maker-rebate venue vs neutral,"(0.2, 0.0)","(0.0, 0.0)",2,split,19,500000,0.2,0.0,0.0,0.0,0.14032577392344966,0.4456151455161691,0.274988,0.274988,0.99985,0.1,0.1,0,1.0,1.0,0
two_venue_routing,taker_fee_vs_neutral,taker-fee venue vs neutral,"(0.0, 0.0)","(0.2, 0.0)",2,split,0,500000,0.0,0.0,0.2,0.0,0.12198008024321916,0.6503816372912911,0.5428179999999999,0.542832,7e-05,0.2,0.2,1,1.0,1.0,1
two_venue_routing,taker_fee_vs_neutral,taker-fee venue vs neutral,"(0.0, 0.0)","(0.2, 0.0)",2,split,1,500000,0.0,0.0,0.2,0.0,0.11691189810879159,0.6097090248984333,0.571352,0.5999240000000001,0.14286,0.2,0.2,1,1.0,1.0,1
two_venue_routing,taker_fee_vs_neutral,taker-fee venue vs neutral,"(0.0, 0.0)","(0.2, 0.0)",2,split,2,500000,0.0,0.0,0.2,0.0,0.13719011224824523,0.7724434969117441,0.5999399999999998,0.5999439999999999,2e-05,0.2,0.2,1,1.0,1.0,1
two_venue_routing,taker_fee_vs_neutral,taker-fee venue vs neutral,"(0.0, 0.0)","(0.2, 0.0)",2,split,3,500000,0.0,0.0,0.2,0.0,0.13716640922249138,0.7722532780219226,0.5998679999999998,0.5998979999999998,0.00015,0.2,0.2,1,1.0,1.0,1
two_venue_routing,taker_fee_vs_neutral,taker-fee venue vs neutral,"(0.0, 0.0)","(0.2, 0.0)",2,split,4,500000,0.0,0.0,0.2,0.0,0.15720003907725735,0.9330249393972906,0.7995900000000001,0.7996320000000001,0.00021,0.2,0.2,1,1.0,1.0,1
two_venue_routing,taker_fee_vs_neutral,taker-fee venue vs neutral,"(0.0, 0.0)","(0.2, 0.0)",2,split,5,500000,0.0,0.0,0.2,0.0,0.13718169531520816,0.7723759502755196,0.5999159999999999,0.5999559999999998,0.0002,0.2,0.2,1,1.0,1.0,1
two_venue_routing,taker_fee_vs_neutral,taker-fee venue vs neutral,"(0.0, 0.0)","(0.2, 0.0)",2,split,6,500000,0.0,0.0,0.2,0.0,0.15722537086131744,0.9332282292173815,0.7997560000000002,0.7997760000000002,0.0001,0.2,0.2,1,1.0,1.0,1
two_venue_routing,taker_fee_vs_neutral,taker-fee venue vs neutral,"(0.0, 0.0)","(0.2, 0.0)",2,split,7,500000,0.0,0.0,0.2,0.0,0.13717773219276702,0.7723441458654494,0.5998899999999998,0.5998999999999999,5e-05,0.2,0.2,1,1.0,1.0,1
two_venue_routing,taker_fee_vs_neutral,taker-fee venue vs neutral,"(0.0, 0.0)","(0.2, 0.0)",2,split,8,500000,0.0,0.0,0.2,0.0,0.13717660992373792,0.7723351395566763,0.5998819999999998,0.5999059999999998,0.00012,0.2,0.2,1,1.0,1.0,1
two_venue_routing,taker_fee_vs_neutral,taker-fee venue vs neutral,"(0.0, 0.0)","(0.2, 0.0)",2,split,9,500000,0.0,0.0,0.2,0.0,0.12634043648421459,0.6853738839353268,0.578826,0.5794020000000001,0.00288,0.2,0.2,1,1.0,1.0,1
two_venue_routing,taker_fee_vs_neutral,taker-fee venue vs neutral,"(0.0, 0.0)","(0.2, 0.0)",2,split,10,500000,0.0,0.0,0.2,0.0,0.1188611998332332,0.6253523446079563,0.499958,0.49999,0.00016,0.2,0.2,1,1.0,1.0,1
two_venue_routing,taker_fee_vs_neutral,taker-fee venue vs neutral,"(0.0, 0.0)","(0.2, 0.0)",2,split,11,500000,0.0,0.0,0.2,0.0,0.1361769127250551,0.7643124806241863,0.6798220000000001,0.7198220000000001,0.2,0.2,0.2,1,1.0,1.0,1
two_venue_routing,taker_fee_vs_neutral,taker-fee venue vs neutral,"(0.0, 0.0)","(0.2, 0.0)",2,split,12,500000,0.0,0.0,0.2,0.0,0.13714039268346728,0.7720444929823435,0.5997779999999998,0.5998019999999997,0.00012,0.2,0.2,1,1.0,1.0,1
two_venue_routing,taker_fee_vs_neutral,taker-fee venue vs neutral,"(0.0, 0.0)","(0.2, 0.0)",2,split,13,500000,0.0,0.0,0.2,0.0,0.1655036425284118,0.9996620956152262,0.99965,0.99968,0.00015,0.2,0.2,1,1.0,1.0,1
two_venue_routing,taker_fee_vs_neutral,taker-fee venue vs neutral,"(0.0, 0.0)","(0.2, 0.0)",2,split,14,500000,0.0,0.0,0.2,0.0,0.13719149823091367,0.7724546195459276,0.5999519999999997,0.5999579999999998,3e-05,0.2,0.2,1,1.0,1.0,1
two_venue_routing,taker_fee_vs_neutral,taker-fee venue vs neutral,"(0.0, 0.0)","(0.2, 0.0)",2,split,15,500000,0.0,0.0,0.2,0.0,0.13718665569019664,0.7724157577259779,0.5999259999999997,0.5999319999999999,3e-05,0.2,0.2,1,1.0,1.0,1
two_venue_routing,taker_fee_vs_neutral,taker-fee venue vs neutral,"(0.0, 0.0)","(0.2, 0.0)",2,split,16,500000,0.0,0.0,0.2,0.0,0.1371988845931484,0.7725138957598044,0.5999859999999998,0.5999919999999999,3e-05,0.2,0.2,1,1.0,1.0,1
two_venue_routing,taker_fee_vs_neutral,taker-fee venue vs neutral,"(0.0, 0.0)","(0.2, 0.0)",2,split,17,500000,0.0,0.0,0.2,0.0,0.13718227391696824,0.7723805936061052,0.5999059999999999,0.5999139999999998,4e-05,0.2,0.2,1,1.0,1.0,1
two_venue_routing,taker_fee_vs_neutral,taker-fee venue vs neutral,"(0.0, 0.0)","(0.2, 0.0)",2,split,18,500000,0.0,0.0,0.2,0.0,0.13717219127050065,0.7722996794714523,0.5998539999999999,0.5998759999999999,0.00011,0.2,0.2,1,1.0,1.0,1
two_venue_routing,taker_fee_vs_neutral,taker-fee venue vs neutral,"(0.0, 0.0)","(0.2, 0.0)",2,split,19,500000,0.0,0.0,0.2,0.0,0.1370768571579763,0.7715346147394291,0.5993859999999999,0.5994079999999999,0.00011,0.2,0.2,1,1.0,1.0,1
two_venue_routing,maker_taker_vs_neutral,maker-taker venue vs neutral,"(0.2, 0.0)","(0.2, 0.0)",2,split,0,500000,0.2,0.0,0.2,0.0,0.11979790375341068,0.632305883184607,0.4141999999999999,0.514198,0.49999,0.2,0.2,1,1.0,1.2,0
two_venue_routing,maker_taker_vs_neutral,maker-taker venue vs neutral,"(0.2, 0.0)","(0.2, 0.0)",2,split,1,500000,0.2,0.0,0.2,0.0,0.11405585183213854,0.5862664421889946,0.360016,0.47995800000000005,0.59971,0.2,0.2,1,1.0,1.2,0
two_venue_routing,maker_taker_vs_neutral,maker-taker venue vs neutral,"(0.2, 0.0)","(0.2, 0.0)",2,split,2,500000,0.2,0.0,0.2,0.0,0.11047988625124038,0.5575945564900532,0.3357559999999999,0.471462,0.67853,0.2,0.2,1,1.0,1.2,0
two_venue_routing,maker_taker_vs_neutral,maker-taker venue vs neutral,"(0.2, 0.0)","(0.2, 0.0)",2,split,3,500000,0.2,0.0,0.2,0.0,0.1193485284289685,0.6287028177616186,0.39993399999999996,0.49995199999999995,0.50009,0.2,0.2,1,1.0,1.2,0
two_venue_routing,maker_taker_vs_neutral,maker-taker venue vs neutral,"(0.2, 0.0)","(0.2, 0.0)",2,split,4,500000,0.2,0.0,0.2,0.0,0.13714958364254917,0.771430651365693,0.499656,0.59976,0.50052,0.2,0.2,1,1.0,1.2,0
two_venue_routing,maker_taker_vs_neutral,maker-taker venue vs neutral,"(0.2, 0.0)","(0.2, 0.0)",2,split,5,500000,0.2,0.0,0.2,0.0,0.11506291701254262,0.5943410326990849,0.38330800000000004,0.5166360000000001,0.66664,0.2,0.2,1,1.0,1.2,0
two_venue_routing,maker_taker_vs_neutral,maker-taker venue vs neutral,"(0.2, 0.0)","(0.2, 0.0)",2,split,6,500000,0.2,0.0,0.2,0.0,0.11233010150957001,0.5724294756762554,0.4833219999999998,0.516682,0.1668,0.2,0.2,1,1.0,1.2,0
two_venue_routing,maker_taker_vs_neutral,maker-taker venue vs neutral,"(0.2, 0.0)","(0.2, 0.0)",2,split,7,500000,0.2,0.0,0.2,0.0,0.11080476220365888,0.5601993931316125,0.354546,0.47270199999999996,0.59078,0.2,0.2,1,1.0,1.2,0
two_venue_routing,maker_taker_vs_neutral,maker-taker venue vs neutral,"(0.2, 0.0)","(0.2, 0.0)",2,split,8,500000,0.2,0.0,0.2,0.0,0.12551600586623027,0.6781532959979206,0.37975999999999993,0.5516600000000002,0.8595,0.2,0.2,1,1.0,1.2,0
two_venue_routing,maker_taker_vs_neutral,maker-taker venue vs neutral,"(0.2, 0.0)","(0.2, 0.0)",2,split,9,500000,0.2,0.0,0.2,0.0,0.12575570014855356,0.6800751509235312,0.43744,0.562412,0.62486,0.2,0.2,1,1.0,1.2,0
two_venue_routing,maker_taker_vs_neutral,maker-taker venue vs neutral,"(0.2, 0.0)","(0.2, 0.0)",2,split,10,500000,0.2,0.0,0.2,0.0,0.13728668636141306,0.7725299330548898,0.499862,0.6497860000000001,0.74962,0.2,0.2,1,1.0,1.2,0
two_venue_routing,maker_taker_vs_neutral,maker-taker venue vs neutral,"(0.2, 0.0)","(0.2, 0.0)",2,split,11,500000,0.2,0.0,0.2,0.0,0.10939995291358778,0.5489357132995452,0.342866,0.4643040000000001,0.60719,0.2,0.2,1,1.0,1.2,0
two_venue_routing,maker_taker_vs_neutral,maker-taker venue vs neutral,"(0.2, 0.0)","(0.2, 0.0)",2,split,12,500000,0.2,0.0,0.2,0.0,0.12446116641129473,0.6696956541111525,0.32020199999999993,0.519964,0.99881,0.2,0.2,1,1.0,1.2,0
two_venue_routing,maker_taker_vs_neutral,maker-taker venue vs neutral,"(0.2, 0.0)","(0.2, 0.0)",2,split,13,500000,0.2,0.0,0.2,0.0,0.11600103234813325,0.6018627873317799,0.38997,0.5099799999999999,0.60005,0.2,0.2,1,1.0,1.2,0
two_venue_routing,maker_taker_vs_neutral,maker-taker venue vs neutral,"(0.2, 0.0)","(0.2, 0.0)",2,split,14,500000,0.2,0.0,0.2,0.0,0.11527626061438508,0.5960516093890011,0.35337,0.49999600000000005,0.73313,0.2,0.2,1,1.0,1.2,0
two_venue_routing,maker_taker_vs_neutral,maker-taker venue vs neutral,"(0.2, 0.0)","(0.2, 0.0)",2,split,15,500000,0.2,0.0,0.2,0.0,0.11885683705617052,0.624760464704496,0.399906,0.499914,0.50004,0.2,0.2,1,1.0,1.2,0
two_venue_routing,maker_taker_vs_neutral,maker-taker venue vs neutral,"(0.2, 0.0)","(0.2, 0.0)",2,split,16,500000,0.2,0.0,0.2,0.0,0.1383495046459211,0.7810515487368019,0.666564,0.6666000000000002,0.00018,0.2,0.2,1,1.0,1.2,0
two_venue_routing,maker_taker_vs_neutral,maker-taker venue vs neutral,"(0.2, 0.0)","(0.2, 0.0)",2,split,17,500000,0.2,0.0,0.2,0.0,0.12382007823020724,0.6645554460651718,0.39993399999999996,0.53324,0.66653,0.2,0.2,1,1.0,1.2,0
two_venue_routing,maker_taker_vs_neutral,maker-taker venue vs neutral,"(0.2, 0.0)","(0.2, 0.0)",2,split,18,500000,0.2,0.0,0.2,0.0,0.12340061923894263,0.6611922480754664,0.4415619999999999,0.5499140000000001,0.54176,0.2,0.2,1,1.0,1.2,0
two_venue_routing,maker_taker_vs_neutral,maker-taker venue vs neutral,"(0.2, 0.0)","(0.2, 0.0)",2,split,19,500000,0.2,0.0,0.2,0.0,0.1198928846969967,0.6330674349099992,0.39981,0.5248620000000002,0.62526,0.2,0.2,1,1.0,1.2,0
two_venue_routing,same_net_maker_heavy_vs_neutral,same-net maker-heavy vs neutral,"(0.2, 0.0)","(0.3, 0.0)",2,split,0,500000,0.2,0.0,0.3,0.0,0.11726101341677395,0.6125107062953042,0.5248619999999999,0.5250300000000001,0.00056,0.2,0.2,1,1.0,1.0,1
two_venue_routing,same_net_maker_heavy_vs_neutral,same-net maker-heavy vs neutral,"(0.2, 0.0)","(0.3, 0.0)",2,split,1,500000,0.2,0.0,0.3,0.0,0.12968268821874535,0.7121957513647774,0.5798659999999999,0.699878,0.40004,0.2,0.2,1,1.0,1.0,1
two_venue_routing,same_net_maker_heavy_vs_neutral,same-net maker-heavy vs neutral,"(0.2, 0.0)","(0.3, 0.0)",2,split,2,500000,0.2,0.0,0.3,0.0,0.11816611801952603,0.6197742512323856,0.5149,0.559948,0.15016,0.2,0.2,1,1.0,1.0,1
two_venue_routing,same_net_maker_heavy_vs_neutral,same-net maker-heavy vs neutral,"(0.2, 0.0)","(0.3, 0.0)",2,split,3,500000,0.2,0.0,0.3,0.0,0.12625984453650052,0.6847271263870743,0.5213660000000001,0.5856859999999998,0.2144,0.2,0.2,1,1.0,1.0,1
two_venue_routing,same_net_maker_heavy_vs_neutral,same-net maker-heavy vs neutral,"(0.2, 0.0)","(0.3, 0.0)",2,split,4,500000,0.2,0.0,0.3,0.0,0.12010430267209295,0.6353283554513618,0.49984799999999996,0.55449,0.18214,0.2,0.2,1,1.0,1.0,1
two_venue_routing,same_net_maker_heavy_vs_neutral,same-net maker-heavy vs neutral,"(0.2, 0.0)","(0.3, 0.0)",2,split,5,500000,0.2,0.0,0.3,0.0,0.13717840272515938,0.7723495269475353,0.5998419999999998,0.5999379999999999,0.00032,0.2,0.2,1,1.0,1.0,1
two_venue_routing,same_net_maker_heavy_vs_neutral,same-net maker-heavy vs neutral,"(0.2, 0.0)","(0.3, 0.0)",2,split,6,500000,0.2,0.0,0.3,0.0,0.1268042506268395,0.6890960336815177,0.5726109999999999,0.5998960000000001,0.09095,0.2,0.2,1,1.0,1.0,1
two_venue_routing,same_net_maker_heavy_vs_neutral,same-net maker-heavy vs neutral,"(0.2, 0.0)","(0.3, 0.0)",2,split,7,500000,0.2,0.0,0.3,0.0,0.12346116573643019,0.662267480102041,0.4499320000000001,0.5998839999999999,0.49984,0.2,0.2,1,1.0,1.0,1
two_venue_routing,same_net_maker_heavy_vs_neutral,same-net maker-heavy vs neutral,"(0.2, 0.0)","(0.3, 0.0)",2,split,8,500000,0.2,0.0,0.3,0.0,0.15717620250796338,0.9328336488086821,0.7992580000000001,0.7995160000000002,0.00086,0.2,0.2,1,1.0,1.0,1
two_venue_routing,same_net_maker_heavy_vs_neutral,same-net maker-heavy vs neutral,"(0.2, 0.0)","(0.3, 0.0)",2,split,9,500000,0.2,0.0,0.3,0.0,0.12122291137753272,0.6443052898015648,0.546002,0.5921900000000001,0.15396,0.2,0.2,1,1.0,1.0,1
two_venue_routing,same_net_maker_heavy_vs_neutral,same-net maker-heavy vs neutral,"(0.2, 0.0)","(0.3, 0.0)",2,split,10,500000,0.2,0.0,0.3,0.0,0.11287384517936612,0.5773032909954002,0.4769919999999999,0.5333019999999999,0.1877,0.2,0.2,1,1.0,1.0,1
two_venue_routing,same_net_maker_heavy_vs_neutral,same-net maker-heavy vs neutral,"(0.2, 0.0)","(0.3, 0.0)",2,split,11,500000,0.2,0.0,0.3,0.0,0.11427443520894703,0.5885431505512526,0.41106400000000004,0.544414,0.4445,0.2,0.2,1,1.0,1.0,1
two_venue_routing,same_net_maker_heavy_vs_neutral,same-net maker-heavy vs neutral,"(0.2, 0.0)","(0.3, 0.0)",2,split,12,500000,0.2,0.0,0.3,0.0,0.13715700985515003,0.7721778472630285,0.5997419999999998,0.5997959999999998,0.00018,0.2,0.2,1,1.0,1.0,1
two_venue_routing,same_net_maker_heavy_vs_neutral,same-net maker-heavy vs neutral,"(0.2, 0.0)","(0.3, 0.0)",2,split,13,500000,0.2,0.0,0.3,0.0,0.11241479248210011,0.5736193522716975,0.399984,0.5999519999999999,0.66656,0.2,0.2,1,1.0,1.0,1
two_venue_routing,same_net_maker_heavy_vs_neutral,same-net maker-heavy vs neutral,"(0.2, 0.0)","(0.3, 0.0)",2,split,14,500000,0.2,0.0,0.3,0.0,0.13033827607204276,0.7174569021954673,0.5515559999999998,0.5999819999999999,0.16142,0.2,0.2,1,1.0,1.0,1
two_venue_routing,same_net_maker_heavy_vs_neutral,same-net maker-heavy vs neutral,"(0.2, 0.0)","(0.3, 0.0)",2,split,15,500000,0.2,0.0,0.3,0.0,0.11363974815410402,0.583449730487076,0.4285549999999999,0.59993,0.57125,0.2,0.2,1,1.0,1.0,1
two_venue_routing,same_net_maker_heavy_vs_neutral,same-net maker-heavy vs neutral,"(0.2, 0.0)","(0.3, 0.0)",2,split,16,500000,0.2,0.0,0.3,0.0,0.1371942368373969,0.7724765971065272,0.5999429999999999,0.5999759999999997,0.00011,0.2,0.2,1,1.0,1.0,1
two_venue_routing,same_net_maker_heavy_vs_neutral,same-net maker-heavy vs neutral,"(0.2, 0.0)","(0.3, 0.0)",2,split,17,500000,0.2,0.0,0.3,0.0,0.11144705547002953,0.5658531766793093,0.42505699999999996,0.500942,0.25295,0.2,0.2,1,1.0,1.0,1
two_venue_routing,same_net_maker_heavy_vs_neutral,same-net maker-heavy vs neutral,"(0.2, 0.0)","(0.3, 0.0)",2,split,18,500000,0.2,0.0,0.3,0.0,0.1371679494566201,0.7722656385377938,0.5997889999999999,0.5998699999999998,0.00027,0.2,0.2,1,1.0,1.0,1
two_venue_routing,same_net_maker_heavy_vs_neutral,same-net maker-heavy vs neutral,"(0.2, 0.0)","(0.3, 0.0)",2,split,19,500000,0.2,0.0,0.3,0.0,0.1272182329680729,0.6924182787895016,0.5164859999999999,0.599856,0.2779,0.2,0.2,1,1.0,1.0,1
two_venue_routing,same_net_taker_heavy_vs_neutral,same-net taker-heavy vs neutral,"(0.05, 0.0)","(0.15, 0.0)",2,split,0,500000,0.05,0.0,0.15,0.0,0.15127154985885355,0.8854482861398187,0.7992579999999997,0.799378,0.0008,0.2,0.2,1,1.0,1.0,1
two_venue_routing,same_net_taker_heavy_vs_neutral,same-net taker-heavy vs neutral,"(0.05, 0.0)","(0.15, 0.0)",2,split,1,500000,0.05,0.0,0.15,0.0,0.10429502106001239,0.5084574644370414,0.42846399999999996,0.47133100000000006,0.28578,0.2,0.2,1,1.0,1.0,1
two_venue_routing,same_net_taker_heavy_vs_neutral,same-net taker-heavy vs neutral,"(0.05, 0.0)","(0.15, 0.0)",2,split,2,500000,0.05,0.0,0.15,0.0,0.13954285207949263,0.7913244433101654,0.67993,0.6799419999999999,8e-05,0.2,0.2,1,1.0,1.0,1
two_venue_routing,same_net_taker_heavy_vs_neutral,same-net taker-heavy vs neutral,"(0.05, 0.0)","(0.15, 0.0)",2,split,3,500000,0.05,0.0,0.15,0.0,0.1371670762843489,0.7722586312526577,0.5998339999999998,0.599873,0.00026,0.2,0.2,1,1.0,1.0,1
two_venue_routing,same_net_taker_heavy_vs_neutral,same-net taker-heavy vs neutral,"(0.05, 0.0)","(0.15, 0.0)",2,split,4,500000,0.05,0.0,0.15,0.0,0.12642728307889645,0.6860708355817842,0.579754,0.6397210000000001,0.39978,0.2,0.2,1,1.0,1.0,1
two_venue_routing,same_net_taker_heavy_vs_neutral,same-net taker-heavy vs neutral,"(0.05, 0.0)","(0.15, 0.0)",2,split,5,500000,0.05,0.0,0.15,0.0,0.14927161325590999,0.869398617026852,0.749802,0.74982,0.00012,0.2,0.2,1,1.0,1.0,1
two_venue_routing,same_net_taker_heavy_vs_neutral,same-net taker-heavy vs neutral,"(0.05, 0.0)","(0.15, 0.0)",2,split,6,500000,0.05,0.0,0.15,0.0,0.111556112535583,0.5667283693299104,0.48569399999999996,0.485712,0.00012,0.2,0.2,1,1.0,1.0,1
two_venue_routing,same_net_taker_heavy_vs_neutral,same-net taker-heavy vs neutral,"(0.05, 0.0)","(0.15, 0.0)",2,split,7,500000,0.05,0.0,0.15,0.0,0.13717127883013713,0.7722923570563826,0.5998399999999998,0.5998849999999999,0.0003,0.2,0.2,1,1.0,1.0,1
two_venue_routing,same_net_taker_heavy_vs_neutral,same-net taker-heavy vs neutral,"(0.05, 0.0)","(0.15, 0.0)",2,split,8,500000,0.05,0.0,0.15,0.0,0.13713932735889295,0.7720359436578844,0.5996799999999999,0.5997699999999998,0.0006,0.2,0.2,1,1.0,1.0,1
two_venue_routing,same_net_taker_heavy_vs_neutral,same-net taker-heavy vs neutral,"(0.05, 0.0)","(0.15, 0.0)",2,split,9,500000,0.05,0.0,0.15,0.0,0.11884853803541626,0.625250732554335,0.499886,0.49995199999999995,0.00044,0.2,0.2,1,1.0,1.0,1
two_venue_routing,same_net_taker_heavy_vs_neutral,same-net taker-heavy vs neutral,"(0.05, 0.0)","(0.15, 0.0)",2,split,10,500000,0.05,0.0,0.15,0.0,0.12388707020366746,0.6656854013315597,0.599792,0.6148490000000001,0.10038,0.2,0.2,1,1.0,1.0,1
two_venue_routing,same_net_taker_heavy_vs_neutral,same-net taker-heavy vs neutral,"(0.05, 0.0)","(0.15, 0.0)",2,split,11,500000,0.05,0.0,0.15,0.0,0.10848057181923003,0.5420468815426124,0.48744,0.543693,0.37502,0.2,0.2,1,1.0,1.0,1
two_venue_routing,same_net_taker_heavy_vs_neutral,same-net taker-heavy vs neutral,"(0.05, 0.0)","(0.15, 0.0)",2,split,12,500000,0.05,0.0,0.15,0.0,0.13716418512127296,0.7722354294118332,0.5998159999999998,0.5998579999999998,0.00028,0.2,0.2,1,1.0,1.0,1
two_venue_routing,same_net_taker_heavy_vs_neutral,same-net taker-heavy vs neutral,"(0.05, 0.0)","(0.15, 0.0)",2,split,13,500000,0.05,0.0,0.15,0.0,0.11449061918019023,0.5902780461478798,0.4874699999999999,0.56247,0.5,0.2,0.2,1,1.0,1.0,1
two_venue_routing,same_net_taker_heavy_vs_neutral,same-net taker-heavy vs neutral,"(0.05, 0.0)","(0.15, 0.0)",2,split,14,500000,0.05,0.0,0.15,0.0,0.11519793500930071,0.5959543185851554,0.47995200000000005,0.479982,0.0002,0.2,0.2,1,1.0,1.0,1
two_venue_routing,same_net_taker_heavy_vs_neutral,same-net taker-heavy vs neutral,"(0.05, 0.0)","(0.15, 0.0)",2,split,15,500000,0.05,0.0,0.15,0.0,0.13717956333113857,0.7723588409137425,0.5998839999999999,0.5999319999999998,0.00032,0.2,0.2,1,1.0,1.0,1
two_venue_routing,same_net_taker_heavy_vs_neutral,same-net taker-heavy vs neutral,"(0.05, 0.0)","(0.15, 0.0)",2,split,16,500000,0.05,0.0,0.15,0.0,0.1371999134829547,0.7725221526920094,0.5999899999999998,0.5999959999999999,4e-05,0.2,0.2,1,1.0,1.0,1
two_venue_routing,same_net_taker_heavy_vs_neutral,same-net taker-heavy vs neutral,"(0.05, 0.0)","(0.15, 0.0)",2,split,17,500000,0.05,0.0,0.15,0.0,0.12039080291984995,0.6376275454209414,0.5665020000000001,0.616464,0.33308,0.2,0.2,1,1.0,1.0,1
two_venue_routing,same_net_taker_heavy_vs_neutral,same-net taker-heavy vs neutral,"(0.05, 0.0)","(0.15, 0.0)",2,split,18,500000,0.05,0.0,0.15,0.0,0.1371516919011929,0.7721351702095437,0.5997679999999999,0.5998309999999999,0.00042,0.2,0.2,1,1.0,1.0,1
two_venue_routing,same_net_taker_heavy_vs_neutral,same-net taker-heavy vs neutral,"(0.05, 0.0)","(0.15, 0.0)",2,split,19,500000,0.05,0.0,0.15,0.0,0.13716271221988724,0.7722236092472129,0.5998099999999997,0.5998579999999999,0.00032,0.2,0.2,1,1.0,1.0,1
two_venue_routing,two_identical_maker_taker,two identical maker-taker venues,"(0.2, 0.2)","(0.2, 0.2)",2,split,0,500000,0.2,0.2,0.2,0.2,0.13163400869497813,0.6284705442941778,0.399758,0.5997580000000001,0.33371,0.1,0.30000000000000004,0,1.0,1.2,0
two_venue_routing,two_identical_maker_taker,two identical maker-taker venues,"(0.2, 0.2)","(0.2, 0.2)",2,split,1,500000,0.2,0.2,0.2,0.2,0.11410380074561191,0.4370404705253252,0.29996999999999996,0.4999700000000001,0.33339,0.1,0.30000000000000004,0,1.0,1.2,0
two_venue_routing,two_identical_maker_taker,two identical maker-taker venues,"(0.2, 0.2)","(0.2, 0.2)",2,split,2,500000,0.2,0.2,0.2,0.2,0.11169114888616752,0.4106942842869185,0.264316,0.464316,0.67843,0.1,0.30000000000000004,0,1.0,1.2,0
two_venue_routing,two_identical_maker_taker,two identical maker-taker venues,"(0.2, 0.2)","(0.2, 0.2)",2,split,3,500000,0.2,0.2,0.2,0.2,0.12158177764098209,0.5187000648015153,0.355548,0.5555480000000002,0.66667,0.1,0.30000000000000004,0,1.0,1.2,0
two_venue_routing,two_identical_maker_taker,two identical maker-taker venues,"(0.2, 0.2)","(0.2, 0.2)",2,split,4,500000,0.2,0.2,0.2,0.2,0.13509480579458358,0.666262488690391,0.41643800000000003,0.616438,0.6663,0.1,0.30000000000000004,0,1.0,1.2,0
two_venue_routing,two_identical_maker_taker,two identical maker-taker venues,"(0.2, 0.2)","(0.2, 0.2)",2,split,5,500000,0.2,0.2,0.2,0.2,0.11614984511255691,0.45938329870111916,0.27777599999999997,0.47777600000000003,0.33344,0.1,0.30000000000000004,0,1.0,1.2,0
two_venue_routing,two_identical_maker_taker,two identical maker-taker venues,"(0.2, 0.2)","(0.2, 0.2)",2,split,6,500000,0.2,0.2,0.2,0.2,0.10878678927560628,0.378978643713407,0.26252000000000003,0.46252,0.59354,0.1,0.30000000000000004,0,1.0,1.2,0
two_venue_routing,two_identical_maker_taker,two identical maker-taker venues,"(0.2, 0.2)","(0.2, 0.2)",2,split,7,500000,0.2,0.2,0.2,0.2,0.12045981276415686,0.5064481953566649,0.29995599999999994,0.499956,0.48398,0.1,0.30000000000000004,0,1.0,1.2,0
two_venue_routing,two_identical_maker_taker,two identical maker-taker venues,"(0.2, 0.2)","(0.2, 0.2)",2,split,8,500000,0.2,0.2,0.2,0.2,0.11536683796501111,0.4508328515843951,0.299956,0.499956,0.25015,0.1,0.30000000000000004,0,1.0,1.2,0
two_venue_routing,two_identical_maker_taker,two identical maker-taker venues,"(0.2, 0.2)","(0.2, 0.2)",2,split,9,500000,0.2,0.2,0.2,0.2,0.11302429219223932,0.42525222462412965,0.285704,0.4857040000000001,0.52374,0.1,0.30000000000000004,0,1.0,1.2,0
two_venue_routing,two_identical_maker_taker,two identical maker-taker venues,"(0.2, 0.2)","(0.2, 0.2)",2,split,10,500000,0.2,0.2,0.2,0.2,0.13500148838762954,0.6652434615260399,0.43060600000000004,0.6306060000000002,0.57674,0.1,0.30000000000000004,0,1.0,1.2,0
two_venue_routing,two_identical_maker_taker,two identical maker-taker venues,"(0.2, 0.2)","(0.2, 0.2)",2,split,11,500000,0.2,0.2,0.2,0.2,0.15719783252707445,0.9076277965142849,0.5995279999999998,0.7995280000000001,0.99943,0.1,0.30000000000000004,0,1.0,1.2,0
two_venue_routing,two_identical_maker_taker,two identical maker-taker venues,"(0.2, 0.2)","(0.2, 0.2)",2,split,12,500000,0.2,0.2,0.2,0.2,0.11560870973456998,0.4534740941083283,0.30622400000000005,0.506224,0.37495,0.1,0.30000000000000004,0,1.0,1.2,0
two_venue_routing,two_identical_maker_taker,two identical maker-taker venues,"(0.2, 0.2)","(0.2, 0.2)",2,split,13,500000,0.2,0.2,0.2,0.2,0.12339403120267414,0.5384898946771569,0.343744,0.5437439999999999,0.62501,0.1,0.30000000000000004,0,1.0,1.2,0
two_venue_routing,two_identical_maker_taker,two identical maker-taker venues,"(0.2, 0.2)","(0.2, 0.2)",2,split,14,500000,0.2,0.2,0.2,0.2,0.12200630637602644,0.5233359235033214,0.35997199999999996,0.559972,0.66644,0.1,0.30000000000000004,0,1.0,1.2,0
two_venue_routing,two_identical_maker_taker,two identical maker-taker venues,"(0.2, 0.2)","(0.2, 0.2)",2,split,15,500000,0.2,0.2,0.2,0.2,0.11767062216632378,0.47599020173555207,0.32493799999999995,0.5249379999999999,0.66665,0.1,0.30000000000000004,0,1.0,1.2,0
two_venue_routing,two_identical_maker_taker,two identical maker-taker venues,"(0.2, 0.2)","(0.2, 0.2)",2,split,16,500000,0.2,0.2,0.2,0.2,0.12090247765778125,0.5112821011201423,0.36000200000000004,0.560002,0.33343,0.1,0.30000000000000004,0,1.0,1.2,0
two_venue_routing,two_identical_maker_taker,two identical maker-taker venues,"(0.2, 0.2)","(0.2, 0.2)",2,split,17,500000,0.2,0.2,0.2,0.2,0.1354034834268873,0.6696332520089648,0.41413799999999995,0.6141380000000001,0.28593,0.1,0.30000000000000004,0,1.0,1.2,0
two_venue_routing,two_identical_maker_taker,two identical maker-taker venues,"(0.2, 0.2)","(0.2, 0.2)",2,split,18,500000,0.2,0.2,0.2,0.2,0.11667055420670816,0.4650694480379324,0.300026,0.5000259999999999,0.83297,0.1,0.30000000000000004,0,1.0,1.2,0
two_venue_routing,two_identical_maker_taker,two identical maker-taker venues,"(0.2, 0.2)","(0.2, 0.2)",2,split,19,500000,0.2,0.2,0.2,0.2,0.11559809286140191,0.45335815773041255,0.29998,0.49998000000000015,0.60703,0.1,0.30000000000000004,0,1.0,1.2,0
